URL,Last crawled
https://rmgreatdane.org/category/great-danes-2/page/3,2026-05-09
https://rmgreatdane.org/category/successes/2025-successes/page/2,2026-05-08
https://rmgreatdane.org/category/successes/2022-succeses,2026-05-08
https://rmgreatdane.org/category/successes/2024-successes,2026-05-08
https://rmgreatdane.org/category/foster-family,2026-05-08
https://rmgreatdane.org/category/raising-danes,2026-05-08
https://rmgreatdane.org/category/blog,2026-05-08
https://rmgreatdane.org/2024-luna-has-a-home,2026-05-07
https://rmgreatdane.org/2024-luna-has-a-home/,2026-05-07
https://rmgreatdane.org/category/adoptions,2026-05-07
https://rmgreatdane.org/blog,2026-05-06
http://www.rmgreatdane.org/,2026-05-06
http://rmgreatdane.org/,2026-05-06
https://rmgreatdane.org/?cat=68,2024-02-14
http://rmgreatdane.org/?cat=68,2024-02-14