source	url
category	https://rmgreatdane.org/category/successes/2016-successes/
category	https://rmgreatdane.org/category/successes/2017-successes/
category	https://rmgreatdane.org/category/successes/2018-adopted-danes/
category	https://rmgreatdane.org/category/successes/2019-successes/
category	https://rmgreatdane.org/category/successes/2020-successes-successes/
category	https://rmgreatdane.org/category/successes/2021-successes/
category	https://rmgreatdane.org/category/successes/2022-succeses/
category	https://rmgreatdane.org/category/successes/2023-successes/
category	https://rmgreatdane.org/category/successes/2024-successes/
category	https://rmgreatdane.org/category/successes/2025-successes/
category	https://rmgreatdane.org/category/2026-successes/
category	https://rmgreatdane.org/category/adoptions/
category	https://rmgreatdane.org/category/blog/
category	https://rmgreatdane.org/category/foster/
category	https://rmgreatdane.org/category/foster-family/
category	https://rmgreatdane.org/category/great-danes-2/
category	https://rmgreatdane.org/category/in-memory/
category	https://rmgreatdane.org/category/raising-danes/
category	https://rmgreatdane.org/category/successes/
category	https://rmgreatdane.org/category/uncategorized/
post_tag	https://rmgreatdane.org/tag/adoptresponsibly/
post_tag	https://rmgreatdane.org/tag/danesareforever/
post_tag	https://rmgreatdane.org/tag/giantbreedbigneeds/
post_tag	https://rmgreatdane.org/tag/greatdanerealitycheck/
post_tag	https://rmgreatdane.org/tag/notjustwhenitsconvenient/
post_tag	https://rmgreatdane.org/tag/rockymountaingreatdanerescue/
post_tag	https://rmgreatdane.org/tag/thefriendmovie/
post_tag	https://rmgreatdane.org/tag/velcrodoglife/
index	https://rmgreatdane.org/category-sitemap.xml
index	https://rmgreatdane.org/post_tag-sitemap.xml
