bucket	path
root_or_short	/
category	/category/2026-successes
category	/category/adoptions
category	/category/available-danes
category	/category/blog
category	/category/foster
category	/category/foster-family
category	/category/great-danes-2
category	/category/in-memory
category	/category/raising-danes
category	/category/successes
category	/category/uncategorized
category	/category/video
category	/category/successes/2014-successes
category	/category/successes/2015-successes
category	/category/successes/2016-successes
category	/category/successes/2017-successes
category	/category/successes/2018-adopted-danes
category	/category/successes/2019-successes
category	/category/successes/2020-successes-successes
category	/category/successes/2021-successes
category	/category/successes/2022-succeses
category	/category/successes/2023-successes
category	/category/successes/2024-successes
category	/category/successes/2025-successes
category	/category/adoptions/page/2
category	/category/adoptions/page/3
category	/category/available-danes/page/2
category	/category/blog/page/2
category	/category/great-danes-2/page/2
category	/category/great-danes-2/page/3
category	/category/great-danes-2/page/4
category	/category/successes/page/2
category	/category/successes/page/3
category	/category/successes/2015-successes/page/2
category	/category/successes/2016-successes/page/2
category	/category/successes/2017-successes/page/2
category	/category/successes/2018-adopted-danes/page/2
category	/category/successes/2019-successes/page/2
category	/category/successes/2020-successes-successes/page/2
category	/category/successes/2020-successes-successes/page/3
category	/category/successes/2021-successes/page/2
category	/category/successes/2022-succeses/page/2
category	/category/successes/2023-successes/page/2
category	/category/successes/2023-successes/page/3
category	/category/successes/2023-successes/page/4
category	/category/successes/2024-successes/page/2
category	/category/successes/2024-successes/page/3
category	/category/successes/2025-successes/page/2
tag	/tag/2015
tag	/tag/dane
tag	/tag/danes
tag	/tag/dawwwwww
tag	/tag/foster
tag	/tag/funny
tag	/tag/great-dane
tag	/tag/great-danes
tag	/tag/holiday
tag	/tag/humorous
tag	/tag/new-year
tag	/tag/rmgdri
tag	/tag/rocky-mountain-great-dane-rescue
tag	/tag/video-2
tag	/tag/youtube
static_page	/+nhp+
static_page	/10-things-might-not-know-great-danes
static_page	/10001-2
static_page	/2001Donations.html
static_page	/2001Donationsx.html
static_page	/2009ComedyNight.html
static_page	/2010CalendarWinners.html
static_page	/2010ComedyNight.html
static_page	/2014-2016-adoptions
static_page	/2014-successful-dog-adoptions
static_page	/2015-adoptions
static_page	/2015-great-dane-calendar
static_page	/2016-adoptions
static_page	/2016-great-dane-calendar
static_page	/2017-adoptions
static_page	/2017-calendar
static_page	/2018-adoptions
static_page	/2018-calendars
static_page	/2019-adoptions
static_page	/2019-calendars
static_page	/2020-adoptions
static_page	/2020-dane-calendar
static_page	/2020-successes
static_page	/2021-adoptions
static_page	/2021-archie-has-a-home
static_page	/2021-athena-has-a-home
static_page	/2021-auggie-has-a-home
static_page	/2021-axel-black-has-a-home
static_page	/2021-axel-blue-has-a-home
static_page	/2021-binky-has-a-home
static_page	/2021-buddy-has-a-home
static_page	/2021-calliope-has-a-home
static_page	/2021-cara-has-a-home
static_page	/2021-dane-calendar
static_page	/2021-diego-now-dex-has-a-home
static_page	/2021-duke-has-a-home-2
static_page	/2021-frank-has-a-home
static_page	/2021-gary-has-a-home
static_page	/2021-gracie-has-a-home
static_page	/2021-harley-zeus-have-a-home
static_page	/2021-lucy-has-a-home
static_page	/2021-maia-has-a-home
static_page	/2021-max-has-a-home
static_page	/2021-maxine-has-a-home
static_page	/2021-minerva-has-a-home
static_page	/2021-nelli-has-a-home
static_page	/2021-odysseus-has-a-home
static_page	/2021-orion-has-a-home
static_page	/2021-samson-has-a-home-2
static_page	/2021-sparky-has-a-home
static_page	/2021-successes
static_page	/2021-swisher-has-a-home
static_page	/2021-teagan-has-a-home
static_page	/2021-thor-has-a-home
static_page	/2021-titan-has-a-home
static_page	/2021-wilson-has-a-home
static_page	/2021-zhara-has-a-home
static_page	/2022-Bella-has-a-home
static_page	/2022-apollo-has-a-home
static_page	/2022-athena-has-a-home
static_page	/2022-athena-has-a-home-2
static_page	/2022-atlas-has-a-home
static_page	/2022-brandi-has-a-home
static_page	/2022-brooke-has-a-home
static_page	/2022-bruce-has-a-home
static_page	/2022-charlie-has-a-home
static_page	/2022-daisy-has-a-home
static_page	/2022-diesel-has-a-home-fawn
static_page	/2022-dixie-has-a-home
static_page	/2022-dozer-has-a-home
static_page	/2022-duke-black-has-a-home
static_page	/2022-duke-fawnequin--has-a-home
static_page	/2022-duke-fawnequin-has-a-home
static_page	/2022-duncan-has-a-home
static_page	/2022-ella-has-a-home
static_page	/2022-fats-has-a-home
static_page	/2022-gabby-has-a-home
static_page	/2022-george-has-a-home
static_page	/2022-gypsy-rose-has-a-home
static_page	/2022-iris-has-a-home
static_page	/2022-jack-has-a-home
static_page	/2022-juniper-has-a-home
static_page	/2022-khan-has-a-home
static_page	/2022-kingsley-has-a-home
static_page	/2022-lilo-has-a-home
static_page	/2022-lilo-has-a-home-
static_page	/2022-lucy-has-a-home
static_page	/2022-lucy-has-a-home-2
static_page	/2022-luna-has-a-home
static_page	/2022-max-has-a-home
static_page	/2022-max-has-a-home-2
static_page	/2022-mera-has-a-home
static_page	/2022-mimi-has-a-home
static_page	/2022-nike-has-a-home
static_page	/2022-ocean-has-a-home
static_page	/2022-penelope-has-a-home
static_page	/2022-penelope-has-a-home-2
static_page	/2022-phoebe-has-a-home
static_page	/2022-poppy-has-a-home
static_page	/2022-siren-has-a-home
static_page	/2022-snoop-has-a-home
static_page	/2022-snoop-has-a-home-
static_page	/2022-stitch-has-a-home
static_page	/2022-successes
static_page	/2022-tigs-has-a-home
static_page	/2023-antero-has-a-home
static_page	/2023-athena-has-a-home
static_page	/2023-babe-has-a-home
static_page	/2023-bently-has-a-home
static_page	/2023-blew-has-a-home
static_page	/2023-blue-has-a-home
static_page	/2023-bohdi-has-a-home
static_page	/2023-brady-has-a-home
static_page	/2023-bruno-harl-has-a-home
static_page	/2023-buck-has-a-home
static_page	/2023-cambria-has-a-home
static_page	/2023-casper-has-a-home
static_page	/2023-charlee-has-a-home
static_page	/2023-charlee-has-a-home-2
static_page	/2023-dakota-has-a-home
static_page	/2023-declan-has-a-home
static_page	/2023-drago-has-a-home
static_page	/2023-duke-has-a-home
static_page	/2023-finlee-has-a-home
static_page	/2023-fiona-has-a-home
static_page	/2023-indie-has-a-home
static_page	/2023-kane-has-a-home
static_page	/2023-kingston-has-a-home
static_page	/2023-lucy-has-a-home
static_page	/2023-luna-has-a-home
static_page	/2023-maggie-has-a-home
static_page	/2023-manitou-has-a-home
static_page	/2023-olive-has-a-home
static_page	/2023-orvis-has-a-home
static_page	/2023-pharaoh-has-a-home
static_page	/2023-pumpkin-has-a-home
static_page	/2023-rocky-has-a-home
static_page	/2023-romeo-has-a-home
static_page	/2023-rosie-has-a-home
static_page	/2023-salida-has-a-home
static_page	/2023-sam-has-a-home
static_page	/2023-simba-has-a-home
static_page	/2023-successes
static_page	/2023-titan-has-a-home
static_page	/2023-tobias-has-a-home
static_page	/2023-toni-has-a-home
static_page	/2023-waunita-has-a-home
static_page	/2023-willie-has-a-home
static_page	/2023-willow-has-a-home
static_page	/2023-zeva-has-a-home
static_page	/2024-Loki-has-a-home
static_page	/2024-ada-has-a-home
static_page	/2024-adoptions
static_page	/2024-apollo-has-a-home
static_page	/2024-apollo-has-a-home-2
static_page	/2024-apollo11-has-a-home
static_page	/2024-asher-has-a-home
static_page	/2024-athena-harl-has-a-home
static_page	/2024-bela-has-a-home
static_page	/2024-belle-has-a-home
static_page	/2024-big-mac-has-a-home
static_page	/2024-blu-has-a-home
static_page	/2024-blue-blue-has-a-home
static_page	/2024-blue-harl-has-a-home
static_page	/2024-bruno-has-a-home
static_page	/2024-claire-has-a-home
static_page	/2024-clementine-has-a-home
static_page	/2024-coco-has-a-home
static_page	/2024-coffee-bean-has-a-home
static_page	/2024-cowboy-has-a-home
static_page	/2024-daisy-has-a-home
static_page	/2024-dan-has-a-home
static_page	/2024-dazzle-has-a-home
static_page	/2024-dewey-has-a-home
static_page	/2024-echo-has-a-home
static_page	/2024-echo-ronan-have-a-home
static_page	/2024-ella-has-a-home
static_page	/2024-ember-has-a-home
static_page	/2024-harlem-has-a-home
static_page	/2024-huey-has-a-home
static_page	/2024-ivy-has-a-home
static_page	/2024-kai-has-a-home
static_page	/2024-kira-has-a-home
static_page	/2024-korbin-has-a-home
static_page	/2024-kumo-has-a-home
static_page	/2024-lady-has-a-home
static_page	/2024-lily-has-a-home
static_page	/2024-louie-has-a-home
static_page	/2024-lu-has-a-home
static_page	/2024-luna-has-a-home
static_page	/2024-magggie-has-a-home
static_page	/2024-maggie-has-a-home
static_page	/2024-maivis-has-a-home
static_page	/2024-maizy-has-a-home
static_page	/2024-malakai-has-a-home
static_page	/2024-maverick-and-milley-have-a-home
static_page	/2024-millie-has-a-home
static_page	/2024-milo-has-a-home
static_page	/2024-moose-has-a-home
static_page	/2024-niko-has-a-home
static_page	/2024-nova-has-a-home
static_page	/2024-oreo-has-a-home
static_page	/2024-ramona-has-a-home
static_page	/2024-remus-has-a-home
static_page	/2024-romeo-has-a-home
static_page	/2024-ryven-has-a-home
static_page	/2024-sailor-has-a-home
static_page	/2024-salem-has-a-home
static_page	/2024-scooby-doo-has-a-home
static_page	/2024-scout-has-a-home
static_page	/2024-siryn-rey-has-a-home
static_page	/2024-skoll-has-a-home
static_page	/2024-stetson-has-a-home
static_page	/2024-successes
static_page	/2024-thor-has-a-home
static_page	/2024-tyr-has-a-home
static_page	/2024-tyson-has-a-home
static_page	/2024-vader-has-a-home
static_page	/2024-watson-has-a-home
static_page	/2024-zeus-has-a-home
static_page	/2025-arlo-has-a-home
static_page	/2025-bailey-has-a-home
static_page	/2025-bear-has-a-home
static_page	/2025-bee-has-a-home
static_page	/2025-bella-has-a-home
static_page	/2025-bentley-has-a-home
static_page	/2025-blue-has-a-home
static_page	/2025-bolt-has-a-home
static_page	/2025-bruce-has-a-home
static_page	/2025-bruno-fawn-has-a-home
static_page	/2025-bruno-has-a-home
static_page	/2025-bunker-has-a-home
static_page	/2025-butter-has-a-home
static_page	/2025-calendars
static_page	/2025-dakota-has-a-home
static_page	/2025-dane-has-a-home
static_page	/2025-donut-has-a-home
static_page	/2025-duke-has-a-home
static_page	/2025-echo-has-a-home
static_page	/2025-erza-has-a-home
static_page	/2025-forest-has-a-home
static_page	/2025-groot-has-a-home
static_page	/2025-harley-brindle-has-a-home
static_page	/2025-harley-merle-has-a-home
static_page	/2025-hennessey-has-a-home
static_page	/2025-jack-has-a-home
static_page	/2025-josie-has-a-home
static_page	/2025-journey-has-a-home
static_page	/2025-kara-has-a-home
static_page	/2025-lady-has-a-home
static_page	/2025-leo-has-a-home
static_page	/2025-lilah-has-a-home
static_page	/2025-loki-has-a-home
static_page	/2025-maximus-has-a-home
static_page	/2025-merle-has-a-home
static_page	/2025-milan-has-a-home
static_page	/2025-misty-has-a-home
static_page	/2025-moose-has-a-home
static_page	/2025-odie-has-a-home
static_page	/2025-oliver-has-a-home
static_page	/2025-onyx-has-a-home
static_page	/2025-phantom-has-a-home
static_page	/2025-phoenix-has-a-home
static_page	/2025-roxxy-has-a-home
static_page	/2025-sammi-has-a-home
static_page	/2025-scooby-has-a-home
static_page	/2025-sheba-has-a-home
static_page	/2025-successes
static_page	/2025-sven-has-a-home
static_page	/2025-tiny-tim-has-a-home
static_page	/2025-toby-has-a-home
static_page	/2025-tux-has-a-home
static_page	/2025-velma-has-a-home
static_page	/2025-winston-has-a-home
static_page	/2025-zelda-has-a-home
static_page	/2025-zena-has-a-home
static_page	/2026-chloe-has-a-home
static_page	/2026-successes
static_page	/3927-2
static_page	/4435-2
static_page	/5355-2
static_page	/6516-2
static_page	/==========================================================REASON
static_page	/Adoptable_Grea.html
static_page	/Adoptable_Grex.html
static_page	/Adoptables_CrossPost.html
static_page	/Adoption_Infor.html
static_page	/Adoption_Infox.html
static_page	/Boswell.html
static_page	/BusinessoftheMonth.html
static_page	/BusinessoftheMonthMarch09.html
static_page	/BusinessoftheMonth_April09.html
static_page	/BusinessoftheMonth_July09.html
static_page	/BusinessoftheMonth_May09.html
static_page	/CHLOE
static_page	/ContactUs.html
static_page	/Contact_Us.html
static_page	/Contact_Usx.html
static_page	/DaneAntics01.html
static_page	/DaneAntics01x.html
static_page	/DaneAntics02.html
static_page	/DaneAntics02x.html
static_page	/DaycarePartners.html
static_page	/DogsRights.html
static_page	/DogsRightsx.html
static_page	/Events.html
static_page	/Eventsx.html
static_page	/FosterDaneCosts.html
static_page	/GD_Fact_Sheet.html
static_page	/GD_Fact_Sheetx.html
static_page	/GD_Thumbnail.html
static_page	/GD_Thumbnailx.html
static_page	/Great_Dane_Lin.html
static_page	/Great_Dane_Lix.html
static_page	/Great_Dane_Pic.html
static_page	/Great_Dane_Pix.html
static_page	/Great_Dane_Rescue_links
static_page	/Great_Dane_Rescue_linksx.html
static_page	/Hamlet.html
static_page	/Hamletaward.html
static_page	/HolidayGivingTree.htm
static_page	/Home.html
static_page	/Homex.html
static_page	/HowCould_You.html
static_page	/HowCould_Youx.html
static_page	/Isis.html
static_page	/Isisx.html
static_page	/JPOMD01.html
static_page	/JPOMD01x.html
static_page	/JPOMD02.html
static_page	/JPOMD02x.html
static_page	/JPOMD03.html
static_page	/JPOMD03x.html
static_page	/KSDanes.htm
static_page	/Lacey.htm
static_page	/LemonadeStand.htm
static_page	/Manson.html
static_page	/MissingPets
static_page	/Myfoster.html
static_page	/Needs_List.html
static_page	/Needs_Listx.html
static_page	/Newsletter Page 3.htm
static_page	/Newsletter Page 4.htm
static_page	/Organization.html
static_page	/Organizationx.html
static_page	/Our_Successes.html
static_page	/Our_Successes10x.html
static_page	/Our_Successes11x.html
static_page	/Our_Successes12x.html
static_page	/Our_Successes2x.html
static_page	/Our_Successes3x.html
static_page	/Our_Successes4x.html
static_page	/Our_Successes5x.html
static_page	/Our_Successes6x.html
static_page	/Our_Successes7x.html
static_page	/Our_Successes8x.html
static_page	/Our_Successes9x.html
static_page	/Our_Successesx.html
static_page	/PYearSucc.html
static_page	/PYearSuccx.html
static_page	/PetInsusrance.html
static_page	/PupMem.html
static_page	/PupMemx.html
static_page	/QuiltRaffle.html
static_page	/RMGDRI
static_page	/RMGDRI Adoption Application.doc
static_page	/RMGDRI Application for Adoption v1-1.doc
static_page	/RMGDRI_CalendarWinners.html
static_page	/Ra.html
static_page	/Ra1.html
static_page	/Ra1x.html
static_page	/Rax.html
static_page	/Remembering01.html
static_page	/Remembering01x.html
static_page	/Remembering02.html
static_page	/Remembering02x.html
static_page	/Remembering03.html
static_page	/Remembering03x.html
static_page	/Rolex.html
static_page	/Sheena.html
static_page	/Sheenax.html
static_page	/Shilo.html
static_page	/Shilox.html
static_page	/ShoppingRMGDRI.html
static_page	/Signs of Bloat
static_page	/Slide1.htm
static_page	/Slide2.htm
static_page	/Slide5.htm
static_page	/Slide7.htm
static_page	/SponsorDane.htm
static_page	/Store
static_page	/SuccesP2.html
static_page	/SuccesP2x.html
static_page	/SuccesP3x.html
static_page	/Successes 20089Our_Successes1x.html
static_page	/TheDaneCampaign.html
static_page	/ThenAndNow.html
static_page	/ThenAndNowx.html
static_page	/Topaz.html
static_page	/Topazx.html
static_page	/TrainerPartners.html
static_page	/Turn_in_infox.html
static_page	/Vets.html
static_page	/Vets_Akella.html
static_page	/Vetsx.html
static_page	/Volunteer_Info.html
static_page	/Volunteer_Infx.html
static_page	/abby
static_page	/abby-has-a-home
static_page	/about
static_page	/about-great-danes
static_page	/ace
static_page	/ace-has-a-home
static_page	/ada
static_page	/admin-ajax.php
static_page	/adopt
static_page	/adopt-a-senior
static_page	/adoption-application
static_page	/adoption-information
static_page	/adoption-information-2
static_page	/adoptionpackage.html
static_page	/ajax
static_page	/ajax-has-a-home
static_page	/angel
static_page	/angel-and-sergeant-have-a-home
static_page	/angel-has-a-home
static_page	/angus
static_page	/angus-has-a-home
static_page	/annabelle
static_page	/annabelle-has-a-home
static_page	/antero
static_page	/aoife
static_page	/apollo
static_page	/apollo-dane-foster-needed
static_page	/apollo-fawn
static_page	/apollo-has-a-home
static_page	/apollo-merle
static_page	/app-thank-you
static_page	/aries
static_page	/aries-has-a-home
static_page	/arlo
static_page	/arlo-has-a-home
static_page	/asa
static_page	/asa-has-a-home
static_page	/asher
static_page	/ashley
static_page	/astro
static_page	/athena
static_page	/athena-baby
static_page	/athena-harl
static_page	/athena-has-a-home
static_page	/atlas
static_page	/atlas-has-a-home
static_page	/auggie
static_page	/aurora-has-a-home
static_page	/ava
static_page	/ava-has-a-home
static_page	/available-great-danes
static_page	/available-great-danes-2
static_page	/axel
static_page	/axel-black
static_page	/babe
static_page	/bailey
static_page	/balo-has-a-home
static_page	/baloo
static_page	/barnabus
static_page	/barnibus-has-a-home
static_page	/beau
static_page	/beau-has-a-home
static_page	/beau-has-a-home-2
static_page	/bee
static_page	/bela
static_page	/bella
static_page	/bella-has-a-home
static_page	/belle
static_page	/belle-has-a-home
static_page	/benefit-wines
static_page	/benson-foster-needed
static_page	/bentley
static_page	/bently
static_page	/bently-has-a-home
static_page	/bigmac
static_page	/binky
static_page	/bison-has-a-home
static_page	/bloat.html
static_page	/blog
static_page	/blu
static_page	/blue
static_page	/blue-harlequin
static_page	/blue-has-a-home
static_page	/blue-has-a-home-2
static_page	/bo
static_page	/bo-has-a-home
static_page	/bodhi
static_page	/bolt
static_page	/bones
static_page	/bones-has-a-home
static_page	/bonnie
static_page	/bonnie-has-a-home
static_page	/boomer
static_page	/boomer-has-a-home
static_page	/boone-has-a-home
static_page	/brady
static_page	/brandi
static_page	/bristol
static_page	/bristol-has-a-home
static_page	/brodey
static_page	/bronx-has-a-home
static_page	/brooklyn
static_page	/brooklyn-has-a-home
static_page	/brooklyn-has-a-home-2
static_page	/bruce
static_page	/bruno
static_page	/bruno-fawn
static_page	/bruno-has-a-home
static_page	/bruno-mantle
static_page	/brutus
static_page	/brutus-2-has-a-home
static_page	/brutus-has-a-home
static_page	/brutus-has-a-home-2
static_page	/btAppFee.swf
static_page	/btApplication.swf
static_page	/btBusinessPartner.swf
static_page	/btContactUs.swf
static_page	/btDonate.swf
static_page	/btEmail.swf
static_page	/btEventBlog.swf
static_page	/btFAQ.swf
static_page	/btFosterCosts.swf
static_page	/btFostering.swf
static_page	/btGuidelines.swf
static_page	/btHome.swf
static_page	/btRequirements.swf
static_page	/btShopping.swf
static_page	/btSponsorADane.swf
static_page	/btTurnIn.swf
static_page	/bubas
static_page	/buck
static_page	/buddy
static_page	/bullwinkle
static_page	/bullwinkle-has-a-home
static_page	/bunker
static_page	/butter-braids
static_page	/butter-braids-denver
static_page	/butter-braids-utah
static_page	/butter_braids
static_page	/butterfly-has-a-home
static_page	/button 3.swf
static_page	/button10.swf
static_page	/button11.swf
static_page	/button19.swf
static_page	/button2.swf
static_page	/button21.swf
static_page	/button3.swf
static_page	/button4.swf
static_page	/button5.swf
static_page	/button6.swf
static_page	/button8.swf
static_page	/button9.swf
static_page	/cabo
static_page	/cabo-has-a-home
static_page	/caesar-has-a-home
static_page	/calcifer
static_page	/calendar-entry
static_page	/calendar-photo-contest
static_page	/calendar-photo-contest-entry
static_page	/calendar-photo-contest-winners
static_page	/calendars
static_page	/calico-has-a-home
static_page	/cambria
static_page	/capitan-has-a-home
static_page	/cara
static_page	/carl
static_page	/carl-has-a-home
static_page	/carlsbad-has-a-home
static_page	/cash
static_page	/casper
static_page	/cezar
static_page	/cezar-has-a-home
static_page	/chapman-has-a-home
static_page	/charlee
static_page	/charlie
static_page	/charlo-has-a-home
static_page	/charlotte-and-eleanor-have-a-home
static_page	/chaz
static_page	/chaz-has-a-home
static_page	/chester
static_page	/chevelle
static_page	/chevelle-has-a-home
static_page	/chevelle-home
static_page	/chevy
static_page	/chimayo
static_page	/chimayo-has-a-home
static_page	/chloe-has-a-home
static_page	/chloe-has-a-home-2
static_page	/chloe-has-a-home-3
static_page	/chloe-has-a-home-4
static_page	/claire
static_page	/cleo
static_page	/clyde
static_page	/clyde-has-a-home
static_page	/coco
static_page	/cocoa-has-a-home
static_page	/coffee-bean
static_page	/coloardo_events
static_page	/colorado_events
static_page	/contact-us
static_page	/cooper
static_page	/cooper-has-a-home
static_page	/covid-19-operational-information
static_page	/cowboy
static_page	/crockette
static_page	/crockette-has-a-home
static_page	/daisy
static_page	/daisy-
static_page	/daisy-harlequin
static_page	/daisy-has-a-home
static_page	/daisy-has-a-home-2
static_page	/daisy-has-a-home-2020
static_page	/daisy-has-a-home-3
static_page	/daisy-has-a-home-4
static_page	/daisy-may
static_page	/daisy-may-has-a-home
static_page	/dakota
static_page	/dallas-has-a-home
static_page	/dan
static_page	/dana-has-a-home
static_page	/dane-related-links
static_page	/dante
static_page	/dante-black
static_page	/dante-has-a-home
static_page	/dante-has-a-home-2
static_page	/dante-has-a-home-3
static_page	/dante-merle
static_page	/daytona
static_page	/daytona-has-a-home
static_page	/destination
static_page	/diego
static_page	/diesel
static_page	/diesel-has-a-home
static_page	/diesel-has-a-home-2
static_page	/dio-has-a-home
static_page	/donate
static_page	/donations-danes
static_page	/donut
static_page	/dozer
static_page	/dozer-has-a-home
static_page	/dozer-has-a-home-2
static_page	/dozer-has-a-home-3
static_page	/drago
static_page	/drakeo
static_page	/duke
static_page	/duke-black
static_page	/duke-fawnequin
static_page	/duke-has-a-home
static_page	/duke-home
static_page	/duke_crossed_rainbow_bridge
static_page	/duncan
static_page	/dutch
static_page	/dutch-has-a-home
static_page	/ebony
static_page	/ebony-has-a-home
static_page	/echo
static_page	/ella
static_page	/elvis
static_page	/elvis-has-a-home
static_page	/elvis-has-a-home-2020
static_page	/emma
static_page	/emma-has-a-home
static_page	/erza
static_page	/estrella
static_page	/ev
static_page	/events
static_page	/events-2
static_page	/faq.html
static_page	/feya
static_page	/feya-has-a-home
static_page	/fiona
static_page	/flo
static_page	/flora-has-a-home
static_page	/flower-power
static_page	/flower_power
static_page	/flowerpower
static_page	/flowerpower__trashed
static_page	/foster-application
static_page	/foster-information
static_page	/foster_Infx.html
static_page	/fosterdog.html
static_page	/francine
static_page	/francine-has-a-home
static_page	/francine-has-a-home-2
static_page	/frank-has-a-home
static_page	/freya
static_page	/freya-has-a-home
static_page	/fundraising
static_page	/gabby
static_page	/gdcalendar.html
static_page	/gemma-has-a-home
static_page	/george
static_page	/george-has-a-home
static_page	/get_involved
static_page	/gigi
static_page	/gigi-has-a-home
static_page	/gorn
static_page	/gorn-has-a-home
static_page	/grace
static_page	/grace-has-a-home
static_page	/grace-has-a-home-2
static_page	/gracie-has-a-home
static_page	/great-dane-health-resources
static_page	/great-dane-rescues
static_page	/groot
static_page	/gumby
static_page	/gunnar
static_page	/gunnar-has-a-home
static_page	/gus
static_page	/gus-has-a-home
static_page	/gus-has-a-home-2
static_page	/gypsy-rose
static_page	/gypsy-rose-has-a-home
static_page	/haley
static_page	/hank
static_page	/hank-has-a-home
static_page	/hank-home
static_page	/harlem
static_page	/harley
static_page	/harley-2
static_page	/harley-brindle
static_page	/harley-has-a-home
static_page	/harley-has-a-home-2020
static_page	/harlow
static_page	/harlow-has-a-home
static_page	/harper-fawnequin
static_page	/harper-has-a-home
static_page	/harper-mantle
static_page	/harper-mantle-has-a-home
static_page	/harvey
static_page	/haus
static_page	/haus-home
static_page	/hela
static_page	/hela-has-a-home
static_page	/helo-has-a-home
static_page	/hennessey
static_page	/hera-has-a-home
static_page	/hercules
static_page	/hercules-has-a-home
static_page	/hercules-has-a-home-2
static_page	/hercules-has-a-home-2018
static_page	/herman-has-a-home
static_page	/hilary
static_page	/hilary-has-a-home
static_page	/hobo
static_page	/hobo-has-a-home
static_page	/holly
static_page	/holly-has-a-home
static_page	/horsey
static_page	/horsey-has-a-home
static_page	/hugo
static_page	/ichabod
static_page	/ichabod-has-a-home
static_page	/idaho-events
static_page	/igive
static_page	/in-memory-of-sarge
static_page	/in-memory-of-waldo
static_page	/index.html
static_page	/indy-has-a-home
static_page	/italics
static_page	/italics-tally
static_page	/its-all-about-the-dogs
static_page	/itsy-bitsy-has-a-home
static_page	/itsybitsy
static_page	/izzy
static_page	/izzy-has-a-home
static_page	/izzy-has-a-home-2
static_page	/jagger
static_page	/jagger-has-a-home
static_page	/jamison-has-a-home
static_page	/jax
static_page	/jax-has-a-home
static_page	/jax-has-a-home-2
static_page	/journey
static_page	/jumbo
static_page	/junior
static_page	/junior-has-a-home
static_page	/juniper
static_page	/kahlan
static_page	/kahlan-has-a-home
static_page	/kai
static_page	/kali
static_page	/kali-has-a-home
static_page	/kane
static_page	/kane-has-a-home
static_page	/kane-has-a-home-2020
static_page	/kaori-has-a-home
static_page	/kara
static_page	/kaya-has-a-home
static_page	/kenya-has-a-home
static_page	/kenya-has-a-home-2
static_page	/kevin
static_page	/khaleesi
static_page	/khaleesi-has-a-home
static_page	/khan
static_page	/kilo
static_page	/kilo-has-a-home
static_page	/kilo-has-a-home-2
static_page	/kimber-has-a-home
static_page	/king-has-a-home
static_page	/king-louie
static_page	/king-louie-home
static_page	/kingston
static_page	/kinnick
static_page	/kinnick-has-a-home
static_page	/kinnick-has-a-home-2
static_page	/kiva
static_page	/kona
static_page	/kona-has-a-home
static_page	/korben
static_page	/kratos
static_page	/kratos-has-a-home
static_page	/kujo
static_page	/kujo-has-a-home
static_page	/kumo
static_page	/kweli
static_page	/kweli-home
static_page	/kylo
static_page	/kylo-has-a-home
static_page	/lachlan
static_page	/lachlan-has-a-home
static_page	/lady
static_page	/lady-has-a-home
static_page	/layla
static_page	/layla-has-a-home
static_page	/leia
static_page	/leia-has-a-home
static_page	/leila
static_page	/leila-has-a-home
static_page	/leo
static_page	/leonidas
static_page	/leonidas-has-a-home
static_page	/liberty-has-a-home
static_page	/life-really-like-great-dane
static_page	/life-settlements
static_page	/lilah
static_page	/lilith
static_page	/lilith-has-a-home
static_page	/lilli-has-a-home
static_page	/lilo
static_page	/lily
static_page	/logan-has-a-home
static_page	/loki
static_page	/loki-has-a-home
static_page	/loki-has-a-home-2
static_page	/loki-utah
static_page	/lola
static_page	/lola-2
static_page	/lola-has-a-home
static_page	/lottie
static_page	/lucky
static_page	/lucky-has-a-home
static_page	/lucy
static_page	/lucy-has-a-home
static_page	/lucy-has-a-home-2
static_page	/lucy-has-a-home-3
static_page	/ludlow
static_page	/ludlow-has-a-home
static_page	/luke
static_page	/luke-has-a-home
static_page	/lulu
static_page	/lulu-has-a-home
static_page	/luna
static_page	/luna-blue
static_page	/luna-has-a-home
static_page	/luna-has-a-home-2
static_page	/luna-has-a-home-3
static_page	/luna-has-a-home-4
static_page	/lyric
static_page	/lyric-has-a-home
static_page	/madi-sue-has-a-home
static_page	/madisue
static_page	/mae
static_page	/mae-has-a-home
static_page	/magenta
static_page	/magenta-has-a-home
static_page	/maggie
static_page	/magnum
static_page	/magnum-has-a-home
static_page	/maisy
static_page	/maivis
static_page	/marley
static_page	/marley-has-a-home
static_page	/marlo
static_page	/marlo-has-a-home
static_page	/marlo-has-a-home-2
static_page	/marmalade-has-a-home
static_page	/mary
static_page	/mary-has-a-home
static_page	/maverick
static_page	/max
static_page	/max-has-a-home
static_page	/max-has-a-home-2
static_page	/max-piebald
static_page	/maximas
static_page	/maximus
static_page	/maxine
static_page	/maya-has-a-home
static_page	/medical%
static_page	/meet-ajax
static_page	/meet-angus
static_page	/meet-boomer
static_page	/meet-daisy-may
static_page	/meet-haus
static_page	/meet-kinnick
static_page	/meet-ryder
static_page	/meet-she-ra
static_page	/meet-tank-merle-mantle
static_page	/meet-whimsy
static_page	/meet_our_board
static_page	/mera
static_page	/merle
static_page	/merlyn-has-a-home
static_page	/mia
static_page	/mika-has-a-home
static_page	/milley
static_page	/milo
static_page	/mimi
static_page	/mimi-litter
static_page	/misty
static_page	/molly
static_page	/molly-sullivan-have-a-home
static_page	/moment-daaaaaaawwwwwww
static_page	/monroe
static_page	/monroe-home
static_page	/montana
static_page	/montana-has-a-home
static_page	/moon
static_page	/moose
static_page	/moose-has-a-home
static_page	/moose-has-a-home-2
static_page	/morty-has-a-home
static_page	/morty-jamison
static_page	/motorhome-has-a-home
static_page	/myka-has-a-home
static_page	/myotis
static_page	/myotis-has-a-home
static_page	/nala-has-a-home
static_page	/nebraska-events
static_page	/nebraska-events-2
static_page	/newsletter page 1.htm
static_page	/newsletter page 2.htm
static_page	/newsletter+page+1.htm
static_page	/newsletters
static_page	/nike
static_page	/niko
static_page	/noah
static_page	/noah-has-a-home
static_page	/oakley
static_page	/oakley-has-a-home
static_page	/obi
static_page	/obi-has-a-home
static_page	/ocean
static_page	/odie
static_page	/odin
static_page	/odin-has-a-home
static_page	/olive
static_page	/olive-has-a-home
static_page	/oliver
static_page	/onyx
static_page	/oreo
static_page	/oshie-has-a-home
static_page	/our_mission
static_page	/our_organization
static_page	/owner-surrender-thank-you
static_page	/oz
static_page	/oz-has-a-home
static_page	/paisley
static_page	/paris-has-a-home
static_page	/pause
static_page	/pawsforcharity.htm
static_page	/penelope
static_page	/peralta
static_page	/peralta-has-a-home
static_page	/persephone
static_page	/pharaoh
static_page	/phoenix
static_page	/piper
static_page	/piper-has-a-home
static_page	/piwik.php
static_page	/poppy-2
static_page	/pour-it-forward
static_page	/pride-month
static_page	/project
static_page	/pumpkin
static_page	/rain-has-a-home
static_page	/rainbow-bridge-calendar
static_page	/ramona
static_page	/ranger
static_page	/ranger-has-a-home
static_page	/raton-has-a-home
static_page	/raven
static_page	/raven-has-a-home
static_page	/reese-has-a-home
static_page	/rehome
static_page	/remus
static_page	/rescue-t-shirts
static_page	/rescuerscreed.html
static_page	/rex-has-a-home
static_page	/rhea
static_page	/rhea-has-a-home
static_page	/rhyder-james
static_page	/rhyder-james-has-a-home
static_page	/ripley
static_page	/rmgdri
static_page	/rmgdri-visa
static_page	/rmgreatdane.org
static_page	/rocko
static_page	/rocky
static_page	/rocky-2
static_page	/rocky-has-a-home
static_page	/rocky-has-a-home-2
static_page	/roe
static_page	/roe-has-a-home
static_page	/roman
static_page	/roman-has-a-home
static_page	/romeo
static_page	/romeo-has-a-home
static_page	/ronan-echo
static_page	/rooster
static_page	/rooster-has-a-home
static_page	/rosco-has-a-home
static_page	/roxii
static_page	/roxii-4
static_page	/roxii-has-a-home
static_page	/roxxie
static_page	/roxxy
static_page	/roxy-has-a-home
static_page	/ruby
static_page	/ruby-has-a-home
static_page	/rufus
static_page	/ryder
static_page	/ryder-has-a-home
static_page	/ryker
static_page	/ryker-has-a-home
static_page	/ryven
static_page	/sadie
static_page	/sadie-has-a-home
static_page	/sadie-has-a-home-2
static_page	/safe-happy-healthy-new-year
static_page	/sailor
static_page	/salem
static_page	/sam
static_page	/sammie
static_page	/sampson
static_page	/sampson-has-a-home
static_page	/samson
static_page	/samson-has-a-home
static_page	/sandy-has-a-home
static_page	/sarah
static_page	/sarah-has-a-home
static_page	/sarge
static_page	/scoll
static_page	/scooby
static_page	/scooby-has-a-home
static_page	/scout
static_page	/sergeant
static_page	/shadow-has-a-home
static_page	/she-ra
static_page	/she-ra-has-a-home
static_page	/sheba
static_page	/sheila
static_page	/sheila-has-a-home
static_page	/shelter-transfers
static_page	/shiloh-has-a-home
static_page	/siere
static_page	/siere-has-a-home
static_page	/siere-home
static_page	/simba
static_page	/simba-has-a-home
static_page	/simon
static_page	/simon-2
static_page	/simon-has-a-home
static_page	/sinai
static_page	/sinai-has-a-home
static_page	/siren
static_page	/siryn-ray
static_page	/siryn-rey
static_page	/sitemap.html
static_page	/sky
static_page	/sky-has-a-home
static_page	/sky-has-a-home-2
static_page	/skye
static_page	/skye-has-a-home
static_page	/slide10.htm
static_page	/slide11.htm
static_page	/slide12.htm
static_page	/slide13.htm
static_page	/slide14.htm
static_page	/slide15.htm
static_page	/slide3.htm
static_page	/slide4.htm
static_page	/slide6.htm
static_page	/slide8.htm
static_page	/slide9.htm
static_page	/slim-jim-has-a-home
static_page	/slimjim
static_page	/snoop
static_page	/soka
static_page	/soka-has-a-home
static_page	/sparky
static_page	/sponsor-a-dane
static_page	/sponsor-abby
static_page	/sponsor-beau
static_page	/sponsor-belle
static_page	/sponsor-diego
static_page	/sponsor-duke
static_page	/sponsor-gary
static_page	/sponsor-guinness
static_page	/sponsor-harlow
static_page	/sponsor-harvey
static_page	/sponsor-odin
static_page	/sponsor-olive
static_page	/sponsor-romeo
static_page	/sponsor-rosie
static_page	/sponsor-sampson
static_page	/sponsor-simon
static_page	/sponsor-tiny
static_page	/sponsor-tiny-2
static_page	/sponsor-whiskey
static_page	/star
static_page	/star-has-a-home
static_page	/statistics.asp
static_page	/stefani
static_page	/stefani-has-a-home
static_page	/stella
static_page	/stella-has-a-home
static_page	/stella.htm
static_page	/stetson
static_page	/stitch
static_page	/store
static_page	/stryder
static_page	/successes.html
static_page	/sullivan
static_page	/sully
static_page	/sully-has-a-home
static_page	/summer-safety-tips-for-dog-owners
static_page	/sunny
static_page	/surrender
static_page	/sven
static_page	/sven-has-a-home
static_page	/swift
static_page	/swift-has-a-home
static_page	/swisher
static_page	/takoda
static_page	/takota-has-a-home
static_page	/takuma-has-a-home
static_page	/tank
static_page	/tank-has-a-home
static_page	/tank-has-a-home-2
static_page	/tankmerle
static_page	/taos
static_page	/taos-has-a-home
static_page	/taz
static_page	/teagan
static_page	/thank-you
static_page	/thor
static_page	/thor-has-a-home
static_page	/tiberius-has-a-home
static_page	/tigs
static_page	/tigs-has-a-home
static_page	/tiny
static_page	/tiny-tim
static_page	/tipsy
static_page	/tipsy-has-a-home
static_page	/titan
static_page	/titus-has-a-home
static_page	/tobias
static_page	/toby
static_page	/toni
static_page	/tripp
static_page	/tripp-now-cash-has-a-home
static_page	/tularossa-has-a-home
static_page	/tulip
static_page	/tulip-has-a-home
static_page	/tux
static_page	/tyr
static_page	/tyson
static_page	/tytus-has-a-home
static_page	/utah-events
static_page	/utah-events-2
static_page	/vail
static_page	/vail-has-a-home
static_page	/vail-has-a-home-2
static_page	/valencia-has-a-home
static_page	/velma
static_page	/vic
static_page	/vic-has-a-home
static_page	/volunteer
static_page	/volunteer-application
static_page	/volunteer-opportunities
static_page	/wait-dont-change-the-channel-diego
static_page	/waldo
static_page	/wally
static_page	/wally-has-a-home
static_page	/wally-home
static_page	/watson
static_page	/waunita
static_page	/waylon
static_page	/wd97vwr32.exe
static_page	/whimsy
static_page	/whimsy-has-a-home
static_page	/whiskey
static_page	/whiskey-has-home
static_page	/willie
static_page	/willow
static_page	/willow-has-a-home
static_page	/willy
static_page	/willy-has-a-home
static_page	/wilson
static_page	/wilson-has-a-home
static_page	/winston
static_page	/winter
static_page	/winter-has-a-home
static_page	/wish-list
static_page	/wooftraxs
static_page	/wordpress
static_page	/www.BestDiscountPetSupplies.com
static_page	/www.bearvalleyvet.com
static_page	/www.wrah.com
static_page	/wyatt
static_page	/xena-has-a-home
static_page	/yzma
static_page	/yzma-has-a-home
static_page	/zelda
static_page	/zena
static_page	/zeus
static_page	/zeus-fawn
static_page	/zeus-has-a-home
static_page	/zeus-has-a-home-2
static_page	/zeus-has-a-home-3
static_page	/zeus-has-a-home-4
static_page	/zeus-has-a-home-5
static_page	/zeus-has-a-home-6
static_page	/zeus-has-a-home-7
static_page	/zeus-has-a-home-8
static_page	/zeus__trashed
static_page	/zeva
static_page	/zeva-has-a-home
static_page	/zhara
static_page	/zorba
static_page	/zuek
static_page	/zuek-has-a-home
static_page	/zzyzx-has-a-home
static_page	/🎬-when-hollywood-meets-real-life-what-the-friend-doesnt-show-you-about-great-danes
date_archive	/2014/12
date_archive	/2015/01
date_archive	/2015/02
date_archive	/2015/03
date_archive	/2015/04
date_archive	/2015/05
date_archive	/2015/06
date_archive	/2015/08
date_archive	/2015/09
date_archive	/2015/10
date_archive	/2015/11
date_archive	/2015/12
date_archive	/2016/01
date_archive	/2016/02
date_archive	/2016/03
date_archive	/2016/04
date_archive	/2016/05
date_archive	/2016/06
date_archive	/2016/07
date_archive	/2016/08
date_archive	/2016/09
date_archive	/2016/10
date_archive	/2016/11
date_archive	/2016/12
date_archive	/2017/01
date_archive	/2017/02
date_archive	/2017/03
date_archive	/2017/04
date_archive	/2017/05
date_archive	/2017/06
date_archive	/2017/07
date_archive	/2017/08
date_archive	/2017/09
date_archive	/2017/10
date_archive	/2017/11
date_archive	/2017/12
date_archive	/2018/01
date_archive	/2018/02
date_archive	/2018/03
date_archive	/2018/04
date_archive	/2018/05
date_archive	/2018/06
date_archive	/2018/07
date_archive	/2018/08
date_archive	/2018/09
date_archive	/2018/10
date_archive	/2018/11
date_archive	/2018/12
date_archive	/2019/01
date_archive	/2019/02
date_archive	/2019/03
date_archive	/2019/04
date_archive	/2019/05
date_archive	/2019/06
date_archive	/2019/07
date_archive	/2019/08
date_archive	/2019/09
date_archive	/2019/10
date_archive	/2019/11
date_archive	/2019/12
date_archive	/2020/01
date_archive	/2020/02
date_archive	/2020/03
date_archive	/2020/04
date_archive	/2020/05
date_archive	/2020/06
date_archive	/2020/07
date_archive	/2020/08
date_archive	/2020/09
date_archive	/2020/10
author_archive	/author/lwersinger
author_archive	/author/lwersinger/page/2
pagination	/blog/page/2
pagination	/blog/page/3
pagination	/2015/01/page/2
pagination	/2015/03/page/2
pagination	/2015/05/page/2
pagination	/2015/12/page/2
pagination	/2016/03/page/2
pagination	/2016/04/page/2
pagination	/2016/06/page/2
pagination	/2016/07/page/2
pagination	/2017/05/page/2
pagination	/2018/03/page/2
pagination	/2018/06/page/2
pagination	/2019/06/page/2
pagination	/2019/11/page/2
other	/.well-known/nodeinfo
other	/.well-known/openid-configuration
other	/2014-successful-dog-adoptions/feed
other	/2015-adoptions/feed
other	/Documents/2011 RMGDRI Photo Contest Entry Form.doc
other	/Documents/RMGDRI Adoption_Foster application 2011.doc
other	/Documents/RMGDRI Adoption_Foster application 2012.doc
other	/Documents/RMGDRI Application for Adoption v1-1.doc
other	/Documents/RMGDRI Rescue Code of Conduct.doc
other	/Documents/RMGDRI Volunteer Application v1-0.doc
other	/Documents/RMGDRIVolunteerApplication_v2-0.doc
other	/Documents/RMGDRI_Foster_Application.doc
other	/Home/polarpups_fan_jp60.jpe
other	/MissingPets/Great_Dane_Lix.html
other	/MissingPets/Index.html
other	/MissingPets/Needs_Listx.html
other	/MissingPets/Organizationx.html
other	/MissingPets/Our_Successesx.html
other	/Our_Successes4x_files/editdata.mso
other	/RMGDRI/index.php
other	/Remembering01/Gracie Lou Hardy.htm
other	/Sponsor/SponsoraDane.html
other	/Store/Creature Comforts Cookbook.htm
other	/Store/Great Danes Make Great People - Frame.htm
other	/Store/index2.htm
other	/Store/index2.html
other	/Store/loading.htm
other	/Store/loading.html
other	/Successes 2005/Our_Successes10x.html
other	/Successes 2005/Our_Successes11x.html
other	/Successes 2005/Our_Successes12x.html
other	/Successes 2005/Our_Successes13x.html
other	/Successes 2005/Our_Successes14x.html
other	/Successes 2005/Our_Successes15x.html
other	/Successes 2005/Our_Successes2x.html
other	/Successes 2005/Our_Successes3x.html
other	/Successes 2005/Our_Successes4x.html
other	/Successes 2005/Our_Successes5x.html
other	/Successes 2005/Our_Successes6x.html
other	/Successes 2005/Our_Successes7x.html
other	/Successes 2005/Our_Successes8x.html
other	/Successes 2005/Our_Successes9x.html
other	/Successes 2005/Our_Successesx.html
other	/Successes 2006/Adoptable_Grex.html
other	/Successes 2006/Our_Succes2x.html
other	/Successes 2006/Our_Succes3x.html
other	/Successes 2006/Our_Successes10x.html
other	/Successes 2006/Our_Successes11x.html
other	/Successes 2006/Our_Successes12x.html
other	/Successes 2006/Our_Successes13x.html
other	/Successes 2006/Our_Successes14x.html
other	/Successes 2006/Our_Successes15x.html
other	/Successes 2006/Our_Successes16x.html
other	/Successes 2006/Our_Successes17x.html
other	/Successes 2006/Our_Successes1x.html
other	/Successes 2006/Our_Successes2x.html
other	/Successes 2006/Our_Successes3x.html
other	/Successes 2006/Our_Successes4x.html
other	/Successes 2006/Our_Successes5x.html
other	/Successes 2006/Our_Successes6x.html
other	/Successes 2006/Our_Successes7x.html
other	/Successes 2006/Our_Successes8x.html
other	/Successes 2006/Our_Successes9x.html
other	/Successes 2006/Vetsx.html
other	/Successes 2007/Adoptable_Grex.html
other	/Successes 2007/Our_Successes10x.html
other	/Successes 2007/Our_Successes11x.html
other	/Successes 2007/Our_Successes12x.html
other	/Successes 2007/Our_Successes13x.html
other	/Successes 2007/Our_Successes14x.html
other	/Successes 2007/Our_Successes15x.html
other	/Successes 2007/Our_Successes16x.html
other	/Successes 2007/Our_Successes17x.html
other	/Successes 2007/Our_Successes18x.html
other	/Successes 2007/Our_Successes19x.html
other	/Successes 2007/Our_Successes1x.html
other	/Successes 2007/Our_Successes20x.html
other	/Successes 2007/Our_Successes21x.html
other	/Successes 2007/Our_Successes22x.html
other	/Successes 2007/Our_Successes2x.html
other	/Successes 2007/Our_Successes3x.html
other	/Successes 2007/Our_Successes4x.html
other	/Successes 2007/Our_Successes5x.html
other	/Successes 2007/Our_Successes6x.html
other	/Successes 2007/Our_Successes7x.html
other	/Successes 2007/Our_Successes8x.html
other	/Successes 2007/Our_Successes9x.html
other	/Successes 2007/Vetsx.html
other	/Successes 2008/Our_Successes10x.html
other	/Successes 2008/Our_Successes11x.html
other	/Successes 2008/Our_Successes12x.html
other	/Successes 2008/Our_Successes13x.html
other	/Successes 2008/Our_Successes14x.html
other	/Successes 2008/Our_Successes15x.html
other	/Successes 2008/Our_Successes16x.html
other	/Successes 2008/Our_Successes17x.html
other	/Successes 2008/Our_Successes1x.html
other	/Successes 2008/Our_Successes2x.html
other	/Successes 2008/Our_Successes3x.html
other	/Successes 2008/Our_Successes4x.html
other	/Successes 2008/Our_Successes5x.html
other	/Successes 2008/Our_Successes6x.html
other	/Successes 2008/Our_Successes7x.html
other	/Successes 2008/Our_Successes8x.html
other	/Successes 2008/Our_Successes9x.html
other	/Successes 2009/Our_Successes10x.html
other	/Successes 2009/Our_Successes11x.html
other	/Successes 2009/Our_Successes12x.html
other	/Successes 2009/Our_Successes1x.html
other	/Successes 2009/Our_Successes2x.html
other	/Successes 2009/Our_Successes3x.html
other	/Successes 2009/Our_Successes4x.html
other	/Successes 2009/Our_Successes5x.html
other	/Successes 2009/Our_Successes6x.html
other	/Successes 2009/Our_Successes7x.html
other	/Successes 2009/Our_Successes8x.html
other	/Successes 2009/Our_Successes9x.html
other	/Successes 2009/piwik.php
other	/Successes 2010/Our_Successes10x.html
other	/Successes 2010/Our_Successes12x.html
other	/Successes 2010/Our_Successes1x.html
other	/Successes 2010/Our_Successes3x.html
other	/Successes 2010/Our_Successes4x.html
other	/Successes 2010/Our_Successes5x.html
other	/Successes 2010/Our_Successes6x.html
other	/Successes 2010/Our_successes2x.html
other	/Successes 2010/Our_successes8x.html
other	/Successes 2010/Our_successes9x.html
other	/Successes 2011/Our_Successes1.html
other	/Successes 2011/Our_Successes12.html
other	/Successes 2011/Our_Successes1x.html
other	/Successes 2011/Our_Successes2.html
other	/Successes 2011/Our_Successes3.html
other	/Successes 2011/Our_Successes4.html
other	/Successes 2011/Our_Successes6.html
other	/Successes 2011/Our_Successes7.html
other	/Successes 2011/Our_successes11.html
other	/Successes 2011/Our_successes5.html
other	/ThenAndNow/Our_Successes1x.html
other	/ThenAndNow/our_followups.html
other	/about-great-danes/feed
other	/about/feed
other	/adopt-a-senior/feed
other	/adoptable_grea/RMGDRI Adoption Application.doc
other	/adoption-application/feed
other	/adoption-information/feed
other	/available-great-danes/feed
other	/butter-braids/feed
other	/chaz/feed
other	/chloe/feed
other	/coloardo_events/feed
other	/colorado_events/feed
other	/contact-us/feed
other	/dane-related-links/feed
other	/donate/feed
other	/events/New Baby Classes.doc
other	/events/feed
other	/flowerpower/feed
other	/food/banners
other	/foster-application/feed
other	/foster-information/feed
other	/galleries/eoscommon
other	/geocities.com/gdcgkc
other	/get_involved/feed
other	/great-dane-health-resources/feed
other	/harley-2/feed
other	/home-2/feed
other	/idaho-events/feed
other	/igive/feed
other	/italics/feed
other	/layla/feed
other	/links/canine_influenza.html
other	/lucky/feed
other	/meet_our_board/feed
other	/missingpets/clyde.html
other	/nebraska-events/feed
other	/our_mission/feed
other	/our_organization/feed
other	/pour-it-forward/feed
other	/project/cowboy
other	/project/duke
other	/project/king-louie
other	/project_category/2014success
other	/project_category/availabledanes
other	/rescue-t-shirts/feed
other	/rmgdri/index.php
other	/rmstore/shoppingcart
other	/rocky-2/feed
other	/sponsor-a-dane/feed
other	/sponsor-guinness/feed
other	/sponsor-romeo/feed
other	/store/ 
other	/store/2.5
other	/store/Index.html
other	/store/blanket all size dog coats.html
other	/store/creature comforts cookbook.html
other	/store/donate to rmgdri now!!.html
other	/store/fidoesque large breed sleeved coat.html
other	/store/great danes make great people - frame.html
other	/store/its a dane thing, you wouldnt understand - frame.html
other	/store/sponsor-a-dane.html
other	/store/tugs.html
other	/surrender/feed
other	/swift/feed
other	/utah-events/feed
other	/volunteer-application/feed
other	/volunteer-opportunities/feed
other	/volunteer/feed
other	/wish-list/feed
other	/wooftraxs/feed
other	/wordpress/about
other	/wordpress/about-great-danes
other	/wordpress/adopt
other	/wordpress/adoption-application
other	/wordpress/adoption-information
other	/wordpress/available-danes-gallery
other	/wordpress/bella
other	/wordpress/cart
other	/wordpress/chaz
other	/wordpress/contact-us
other	/wordpress/dane-related-links
other	/wordpress/donate
other	/wordpress/duke
other	/wordpress/events
other	/wordpress/feed
other	/wordpress/foster-application
other	/wordpress/foster-information
other	/wordpress/get_involved
other	/wordpress/great-dane-health-resources
other	/wordpress/hank
other	/wordpress/itsybitsy
other	/wordpress/king-louie
other	/wordpress/meet_our_board
other	/wordpress/our_mission
other	/wordpress/our_organization
other	/wordpress/rocky-2
other	/wordpress/sponsor-a-dane
other	/wordpress/surrender
other	/wordpress/tank
other	/wordpress/volunteer
other	/wordpress/volunteer-application
other	/wordpress/wish-list
other	/wordpress/wp-admin
other	/wordpress/wp-login.php
other	/wordpress/xmlrpc.php
other	/zeus/feed
other	/ www.duitse-doggen-deense-deutsche-duitse-dog-dogues-allemands.be/paginas/pict_jewels.html
other	/Events/2008 events/responsible dog.pdf&
other	/Events/DaneWalk/Danewalk.html
other	/Photos/Proudofmydane/Makai_11weeks.bmp
other	/Proud/html/100_1413.htm
other	/Proud/html/2004_0920image0132.htm
other	/Proud/html/b&r1.htm
other	/Proud/html/b&r3.htm
other	/Proud/html/b&r4.htm
other	/Proud/html/baby and sheba.htm
other	/Proud/html/bama & bully 9 weeks.htm
other	/Proud/html/beausroughlife..htm
other	/Proud/html/bellaandrigel2.htm
other	/Proud/html/bellaandrigel3.htm
other	/Proud/html/clyde.htm
other	/Proud/html/danechair.htm
other	/Proud/html/evie012.htm
other	/Proud/html/evie013.htm
other	/Proud/html/evie1.htm
other	/Proud/html/evie2.htm
other	/Proud/html/evie3.htm
other	/Proud/html/evie5.htm
other	/Proud/html/friend6.htm
other	/Proud/html/friend7.htm
other	/Proud/html/friends1.htm
other	/Proud/html/friends2.htm
other	/Proud/html/friends3.htm
other	/Proud/html/friends4.htm
other	/Proud/html/friends5.htm
other	/Proud/html/friends6.htm
other	/Proud/html/goim0010.htm
other	/Proud/html/goim0017.htm
other	/Proud/html/goofy clyde on his couch.htm
other	/Proud/html/harley1.htm
other	/Proud/html/haze.htm
other	/Proud/html/imag0000.htm
other	/Proud/html/imag0001.htm
other	/Proud/html/imag0002.htm
other	/Proud/html/imag0003.htm
other	/Proud/html/imag0004.htm
other	/Proud/html/imag0005.htm
other	/Proud/html/imag0006.htm
other	/Proud/html/imag0007.htm
other	/Proud/html/imag0008.htm
other	/Proud/html/imag0009.htm
other	/Proud/html/imag0011.htm
other	/Proud/html/imag0208.htm
other	/Proud/html/imag0209.htm
other	/Proud/html/imag1006.htm
other	/Proud/html/imag1007.htm
other	/Proud/html/imag1008.htm
other	/Proud/html/imag2007.htm
other	/Proud/html/index.htm
other	/Proud/html/joan and sammy on lap.htm
other	/Proud/html/kayley.htm
other	/Proud/html/leo.htm
other	/Proud/html/linus.htm
other	/Proud/html/luv u pop.htm
other	/Proud/html/major1.htm
other	/Proud/html/major2.htm
other	/Proud/html/major3.htm
other	/Proud/html/max.htm
other	/Proud/html/mikey1.htm
other	/Proud/html/mikey2.htm
other	/Proud/html/mikey3.htm
other	/Proud/html/morgan.htm
other	/Proud/html/morgan16.htm
other	/Proud/html/nosyneighbors..htm
other	/Proud/html/oreo and christie.htm
other	/Proud/html/pebbles.htm
other	/Proud/html/queenie.htm
other	/Proud/html/rainydaycara.htm
other	/Proud/html/rainydaygwen.htm
other	/Proud/html/riggerupdate.htm
other	/Proud/html/riggerupdate2.htm
other	/Proud/html/riggerupdate3.htm
other	/Proud/html/smudge.htm
other	/Proud/html/snikers.htm
other	/Proud/html/sophie.htm
other	/Proud/html/tankers7months1.htm
other	/Proud/html/tankers7months3.htm
other	/Proud/html/tawni.htm
other	/Proud/html/thor.htm
other	/Proud/html/tripother.htm
other	/Proud/html/tripother2.htm
other	/Proud/html/tripother3.htm
other	/Proud/html/truffledaisylowre 6 .htm
other	/Proud/html/vinny.htm
other	/Proud/html/zander 001.htm
other	/Proud/html/zander005.htm
other	/Sponsor/Bishop/Bishop.html
other	/Sponsor/Bridget/Bridget.htm
other	/Sponsor/Bridget/Bridget.html
other	/Sponsor/Diesel/Diesel.html
other	/Sponsor/Gerry/Gerry.html
other	/Sponsor/Guiness/Guiness.html
other	/Sponsor/Navarre/Navarre.html
other	/Sponsor/Rosco/Rosco.html
other	/Sponsor/Rosco/Rosco.html 
other	/Sponsor/Tiny Tatum/Tiny Tatum.html
other	/events/3rd Annual Picnic 2003/Homex.html
other	/events/3rd Annual Picnic 2003/Slide13.htm
other	/events/3rd Annual Picnic 2003/Slide3.htm
other	/events/3rd Annual Picnic 2003/Slide4.htm
other	/events/3rd Annual Picnic 2003/Slide5.htm
other	/events/3rd Annual Picnic 2003/Slide7.htm
other	/events/3rd Annual Picnic 2003/slide1.htm
other	/events/3rd Annual Picnic 2003/slide10.htm
other	/events/3rd Annual Picnic 2003/slide11.htm
other	/events/3rd Annual Picnic 2003/slide12.htm
other	/events/3rd Annual Picnic 2003/slide14.htm
other	/events/3rd Annual Picnic 2003/slide15.htm
other	/events/3rd Annual Picnic 2003/slide2.htm
other	/events/3rd Annual Picnic 2003/slide6.htm
other	/events/3rd Annual Picnic 2003/slide8.htm
other	/events/3rd Annual Picnic 2003/slide9.htm
other	/food/banners/information.php
other	/hamlet/HTML/index.htm
other	/hamlet/HTML/sv400138.htm
other	/hamlet/HTML/sv400153.htm
other	/hamlet/HTML/sv400167.htm
other	/hamlet/HTML/sv400188.htm
other	/hamlet/HTML/sv400190.htm
other	/hamlet/HTML/sv400191.htm
other	/hamlet/HTML/sv400192.htm
other	/hamlet/HTML/sv400193.htm
other	/hamlet/HTML/sv400194.htm
other	/hamlet/HTML/sv400195.htm
other	/hamlet/HTML/sv400198.htm
other	/hamlet/HTML/sv400199.htm
other	/hamlet/HTML/sv400200.htm
other	/hamlet/HTML/sv400201.htm
other	/hamlet/HTML/sv400202.htm
other	/hamlet/HTML/sv400203.htm
other	/hamlet/HTML/sv400204.htm
other	/hamlet/proofs/2-01-05-10.htm
other	/hamlet/proofs/2-01-05-2.htm
other	/hamlet/proofs/2-01-05-3.htm
other	/hamlet/proofs/2-01-05-4.htm
other	/hamlet/proofs/2-01-05-5.htm
other	/hamlet/proofs/2-01-05-6.htm
other	/hamlet/proofs/2-01-05-7.htm
other	/hamlet/proofs/2-01-05-8.htm
other	/hamlet/proofs/2-01-05-9.htm
other	/hamlet/proofs/2-07-05-1.htm
other	/hamlet/proofs/2-07-05-2.htm
other	/hamlet/proofs/2-07-05-3.htm
other	/hamlet/proofs/2-07-05-4.htm
other	/hamlet/proofs/2-12-05-6.htm
other	/hamlet/proofs/2-12-05-7.htm
other	/hamlet/proofs/2-12-05-8.htm
other	/hamlet/proofs/2-12-05-9.htm
other	/hamlet/proofs/2-22-05.htm
other	/hamlet/proofs/2-28-05-1.htm
other	/hamlet/proofs/2-28-05-2.htm
other	/hamlet/proofs/2-28-05-3.htm
other	/hamlet/proofs/2-28-05-4.htm
other	/hamlet/proofs/2-28-05-5.htm
other	/hamlet/proofs/2-28-05-6.htm
other	/hamlet/proofs/hamlet.html
other	/hamlet/proofs/hamlet1.htm
other	/hamlet/proofs/hamlet2.htm
other	/hamlet/proofs/hamlet3.htm
other	/hamlet/proofs/hamlet4.htm
other	/hamlet/proofs/hamlet5.htm
other	/hamlet/proofs/index.htm
other	/jag/HTML/index.htm
other	/medical cases/Abbott/Abbott.html
other	/medical cases/Ali/Ali.html
other	/medical cases/Angus/Angus.html
other	/medical cases/Astro/Astro.html
other	/medical cases/Bart/Bart.html
other	/medical cases/BluesPepper/Bluespepper.html
other	/medical cases/Boz/Boz.html
other	/medical cases/Capri/Capri.html
other	/medical cases/Chaos/Chaos.html
other	/medical cases/Chopper/Chopper.html
other	/medical cases/Dottie/Dottie.html
other	/medical cases/Duchess/Duchess.html
other	/medical cases/Duncan/Duncan.html
other	/medical cases/Duncan/Duncan.html_
other	/medical cases/Ellie/Ellie.html
other	/medical cases/Gracie/Gracie.html
other	/medical cases/Harley/Harley.html
other	/medical cases/Jada/Jada.html
other	/medical cases/Jasmine/Jasmine.html
other	/medical cases/Jumangi/Jumangi.html
other	/medical cases/Kane/Kane.html
other	/medical cases/Kaya/Kaya.html
other	/medical cases/King/King.html
other	/medical cases/Leena/Leena.html
other	/medical cases/Lily/Lily.html
other	/medical cases/Lola/Lola.html
other	/medical cases/Lovey/lovey.html
other	/medical cases/Maggie/Maggie.html
other	/medical cases/Max/Max.html
other	/medical cases/Merlin/Merlin.html
other	/medical cases/Mia/Mia.html
other	/medical cases/Nikko/Nikko.html
other	/medical cases/Otis/Otis.html
other	/medical cases/Reina/Reina.html
other	/medical cases/Sally/Sally.html
other	/medical cases/Sampson/Sampson.html
other	/medical cases/Scooby/Scooby.html
other	/medical cases/Sullivan/Sullivan.html
other	/medical cases/TJ/TJ.html
other	/medical cases/Winston/Winston.html
other	/medical cases/Zach/Zach.html
other	/medical cases/Zeus/Zeus.html
other	/medical cases/basil/Adoption_Infox.html
other	/medical cases/basil/Great_Dane_Lix.html
other	/medical cases/basil/Great_Dane_Pix.html
other	/medical cases/basil/Needs_Listx.html
other	/medical cases/basil/Organizationx.html
other	/medical cases/basil/Volunteer_Infx.html
other	/medical cases/basil/basil.html
other	/medical cases/bay/bay.html
other	/medical cases/braun/braun.html
other	/medical cases/dee dee/deedee.html
other	/medical cases/sage/sage.html
other	/medical cases/sugar/sugar.html
other	/medical cases/tiny tatum/Tiny Tatum.html
other	/medical cases/truffle/truffle.html
other	/rmstore/shoppingcart/account.php
other	/rmstore/shoppingcart/brands
other	/rmstore/shoppingcart/brands.php
other	/rmstore/shoppingcart/cart.php
other	/rmstore/shoppingcart/categories.php
other	/rmstore/shoppingcart/checkout.php
other	/rmstore/shoppingcart/compare
other	/rmstore/shoppingcart/compare.php
other	/rmstore/shoppingcart/finishorder.php
other	/rmstore/shoppingcart/index.php
other	/rmstore/shoppingcart/login.php
other	/rmstore/shoppingcart/orderstatus.php
other	/rmstore/shoppingcart/pages.php
other	/rmstore/shoppingcart/productimage.php
other	/rmstore/shoppingcart/products.php
other	/rmstore/shoppingcart/rss.php
other	/rmstore/shoppingcart/search.php
other	/rmstore/shoppingcart/sitemap
other	/rmstore/shoppingcart/sitemap.php
other	/rmstore/shoppingcart/subscribe.php
other	/rmstore/shoppingcart/wishlist.php
other	/store/text/css
other	/temp/hailey pups/html
other	/wordpress/adoption-information/feed
other	/wordpress/available-danes-gallery/feed
other	/wordpress/comments/feed
other	/wordpress/contact-us/feed
other	/wordpress/events/feed
other	/wordpress/foster-information/feed
other	/wordpress/home-2/feed
other	/wordpress/my-account/lost-password
other	/wordpress/our_mission/feed
other	/wordpress/our_organization/feed
other	/wordpress/sponsor-a-dane/feed
other	/wordpress/volunteer-application/feed
other	/wordpress/volunteer/feed
other	/wordpress/wp-admin/admin-ajax.php
other	/wordpress/wp-admin/customize.php
other	/wordpress/wp-admin/post.php
other	/wordpress/wp-admin/theme-editor.php
other	/wordpress/wp-admin/themes.php
other	/Events/2012 Picnic/HTML/img_0003.htm
other	/Events/2012 Picnic/HTML/img_0004 (2).htm
other	/Events/2012 Picnic/HTML/img_0004.htm
other	/Events/2012 Picnic/HTML/img_0024.htm
other	/Events/2012 Picnic/HTML/img_0040.htm
other	/Events/2012 Picnic/HTML/img_0042.htm
other	/Events/2012 Picnic/HTML/img_0043.htm
other	/Events/2012 Picnic/HTML/img_0044.htm
other	/Events/2012 Picnic/HTML/img_0074.htm
other	/Events/2012 Picnic/HTML/img_0107.htm
other	/Events/2012 Picnic/HTML/img_0118.htm
other	/Events/2012 Picnic/HTML/img_0144.htm
other	/Events/2012 Picnic/HTML/img_0157.htm
other	/Events/2012 Picnic/HTML/img_0158.htm
other	/Events/2012 Picnic/HTML/img_0164.htm
other	/Events/2012 Picnic/HTML/img_0165.htm
other	/Events/2012 Picnic/HTML/img_0219.htm
other	/Events/2012 Picnic/HTML/index.htm
other	/Events/DaneWalk/html/2.5
other	/Events/DaneWalk/html/danewalklogo.html
other	/Events/DaneWalk/html/index.html
other	/Events/DaneWalk/html/index2.html
other	/Events/DaneWalk/html/loading.html
other	/events/calendar/html/2.5
other	/events/calendar/html/calendar.html
other	/events/calendar/html/index.html
other	/events/calendar/html/index2.html
other	/events/calendar/html/loading.html
other	/rmstore/shoppingcart/brands/Apple.html
other	/rmstore/shoppingcart/brands/Crumpler.html
other	/rmstore/shoppingcart/brands/Elgato.html
other	/rmstore/shoppingcart/brands/Higher-Ground.html
other	/rmstore/shoppingcart/brands/Incase.html
other	/rmstore/shoppingcart/brands/Logitech.html
other	/rmstore/shoppingcart/brands/Microsoft.html
other	/rmstore/shoppingcart/brands/Speck.html
other	/rmstore/shoppingcart/brands/booq.html
other	/rmstore/shoppingcart/categories/Butter-Braids
other	/rmstore/shoppingcart/categories/Calendars
other	/rmstore/shoppingcart/categories/Donations
other	/rmstore/shoppingcart/categories/Fees
other	/rmstore/shoppingcart/categories/Fundraisers
other	/rmstore/shoppingcart/categories/Rescue-Items
other	/rmstore/shoppingcart/categories/Sponsor-A-Dane
other	/rmstore/shoppingcart/pages/RSS-Syndication.html
other	/rmstore/shoppingcart/pages/Shipping-&-Returns.html
other	/rmstore/shoppingcart/products/2015-Great-Dane-Calendar.html
other	/rmstore/shoppingcart/products/Adoption-Fee.html
other	/rmstore/shoppingcart/products/Application-Fee.html
other	/rmstore/shoppingcart/products/Bumper-Sticker.html
other	/rmstore/shoppingcart/products/Butter-Braids-%2d-Denver.html
other	/rmstore/shoppingcart/products/Butter-Braids-%2d-UT.html
other	/rmstore/shoppingcart/products/Donate-in-Memory-of.html
other	/rmstore/shoppingcart/products/Donate-to-our-Medical-Fund.html
other	/rmstore/shoppingcart/products/Donate.html
other	/rmstore/shoppingcart/products/Donation-in-Increments.html
other	/rmstore/shoppingcart/products/Spay{47}Neuter-Deposit.html
other	/rmstore/shoppingcart/products/Sponsor-Guinness.html
other	/rmstore/shoppingcart/products/Sponsor-Rosie.html
other	/rmstore/shoppingcart/products/Sponsor-a-Dane.html
other	/rmstore/shoppingcart/products/Wedding-Gift-Donation.html
other	/temp/hailey pups/5 weeks/html
other	/temp/hailey pups/html/index.htm
other	/temp/hailey pups/html/ob4h4497.htm
other	/temp/hailey pups/html/ob4h4498.htm
other	/temp/hailey pups/html/ob4h4499.htm
other	/temp/hailey pups/html/ob4h4500.htm
other	/temp/hailey pups/html/ob4h4501.htm
other	/temp/hailey pups/html/ob4h4502.htm
other	/temp/hailey pups/html/ob4h4503.htm
other	/temp/hailey pups/html/ob4h4504.htm
other	/temp/hailey pups/html/ob4h4505.htm
other	/temp/hailey pups/html/ob4h4506.htm
other	/temp/hailey pups/html/ob4h4507.htm
other	/temp/hailey pups/html/ob4h4508.htm
other	/temp/hailey pups/html/ob4h4509.htm
other	/temp/hailey pups/html/ob4h4510.htm
other	/temp/hailey pups/html/ob4h4511.htm
other	/temp/hailey pups/html/ob4h4512.htm
other	/temp/hailey pups/html/ob4h4513.htm
other	/temp/hailey pups/html/ob4h4514.htm
other	/temp/hailey pups/html/ob4h4515.htm
other	/temp/hailey pups/html/ob4h4516.htm
other	/temp/hailey pups/html/ob4h4517.htm
other	/temp/hailey pups/html/ob4h4518.htm
other	/temp/hailey pups/html/ob4h4519.htm
other	/temp/hailey pups/html/ob4h4520.htm
other	/temp/hailey pups/html/ob4h4521.htm
other	/temp/hailey pups/html/ob4h4522.htm
other	/temp/hailey pups/html/ob4h4523.htm
other	/temp/hailey pups/html/ob4h4524.htm
other	/temp/hailey pups/html/ob4h4525.htm
other	/temp/hailey pups/html/ob4h4526.htm
other	/temp/hailey pups/html/ob4h4527.htm
other	/temp/hailey pups/html/ob4h4528.htm
other	/temp/hailey pups/html/ob4h4529.htm
other	/temp/hailey pups/html/ob4h4530.htm
other	/temp/hailey pups/html/ob4h4531.htm
other	/temp/hailey pups/html/ob4h4532.htm
other	/temp/hailey pups/html/ob4h4533.htm
other	/temp/hailey pups/html/ob4h4534.htm
other	/temp/hailey pups/html/ob4h4535.htm
other	/temp/hailey pups/html/ob4h4536.htm
other	/temp/hailey pups/html/ob4h4537.htm
other	/temp/hailey pups/html/ob4h4538.htm
other	/temp/hailey pups/html/ob4h4539.htm
other	/temp/hailey pups/html/ob4h4540.htm
other	/temp/hailey pups/html/ob4h4541.htm
other	/temp/hailey pups/html/ob4h4542.htm
other	/temp/hailey pups/html/ob4h4543.htm
other	/temp/hailey pups/html/ob4h4544.htm
other	/temp/hailey pups/html/ob4h4545.htm
other	/temp/hailey pups/html/ob4h4546.htm
other	/temp/hailey pups/html/ob4h4547.htm
other	/temp/hailey pups/html/ob4h4548.htm
other	/temp/hailey pups/html/ob4h4549.htm
other	/temp/hailey pups/html/ob4h4550.htm
other	/temp/hailey pups/html/ob4h4551.htm
other	/temp/hailey pups/html/ob4h4552.htm
other	/temp/hailey pups/html/ob4h4553.htm
other	/temp/hailey pups/html/ob4h4554.htm
other	/temp/hailey pups/html/ob4h4555.htm
other	/temp/hailey pups/html/ob4h4556.htm
other	/temp/hailey pups/html/ob4h4557.htm
other	/temp/hailey pups/html/ob4h4558.htm
other	/temp/hailey pups/html/ob4h4559.htm
other	/temp/hailey pups/html/ob4h4560.htm
other	/temp/hailey pups/html/ob4h4561.htm
other	/temp/hailey pups/html/ob4h4562.htm
other	/temp/hailey pups/html/ob4h4563.htm
other	/temp/hailey pups/html/ob4h4564.htm
other	/temp/hailey pups/html/ob4h4565.htm
other	/temp/hailey pups/html/ob4h4566.htm
other	/temp/hailey pups/html/ob4h4567.htm
other	/temp/hailey pups/html/ob4h4568.htm
other	/temp/hailey pups/week 4/html
other	/wordpress/wp-content/plugins/usquare
other	/Events/DaneWalk/html/text/css
other	/Photos/2010 Picnic/RMGDRI_picnic_2010/HTML/_dsc5733.htm
other	/Photos/2010 Picnic/RMGDRI_picnic_2010/HTML/_dsc5734.htm
other	/Photos/2010 Picnic/RMGDRI_picnic_2010/HTML/_dsc5738.htm
other	/Photos/2010 Picnic/RMGDRI_picnic_2010/HTML/_dsc5744.htm
other	/Photos/2010 Picnic/RMGDRI_picnic_2010/HTML/_dsc5750.htm
other	/Photos/2010 Picnic/RMGDRI_picnic_2010/HTML/_dsc5758.htm
other	/Photos/2010 Picnic/RMGDRI_picnic_2010/HTML/_dsc5761.htm
other	/Photos/2010 Picnic/RMGDRI_picnic_2010/HTML/_dsc5765.htm
other	/Photos/2010 Picnic/RMGDRI_picnic_2010/HTML/_dsc5775.htm
other	/Photos/2010 Picnic/RMGDRI_picnic_2010/HTML/_dsc5779.htm
other	/Photos/2010 Picnic/RMGDRI_picnic_2010/HTML/_dsc5788.htm
other	/Photos/2010 Picnic/RMGDRI_picnic_2010/HTML/_dsc5789.htm
other	/Photos/2010 Picnic/RMGDRI_picnic_2010/HTML/_dsc5796.htm
other	/Photos/2010 Picnic/RMGDRI_picnic_2010/HTML/_dsc5803.htm
other	/Photos/2010 Picnic/RMGDRI_picnic_2010/HTML/_dsc5817.htm
other	/Photos/2010 Picnic/RMGDRI_picnic_2010/HTML/_dsc5822.htm
other	/Photos/2010 Picnic/RMGDRI_picnic_2010/HTML/_dsc5830.htm
other	/Photos/2010 Picnic/RMGDRI_picnic_2010/HTML/_dsc5834.htm
other	/Photos/2010 Picnic/RMGDRI_picnic_2010/HTML/_dsc5836.htm
other	/Photos/2010 Picnic/RMGDRI_picnic_2010/HTML/_dsc5855.htm
other	/Photos/2010 Picnic/RMGDRI_picnic_2010/HTML/_dsc5863.htm
other	/Photos/2010 Picnic/RMGDRI_picnic_2010/HTML/_dsc5868.htm
other	/Photos/2010 Picnic/RMGDRI_picnic_2010/HTML/_dsc5889.htm
other	/Photos/2010 Picnic/RMGDRI_picnic_2010/HTML/_dsc5891.htm
other	/Photos/2010 Picnic/RMGDRI_picnic_2010/HTML/_dsc5899.htm
other	/Photos/2010 Picnic/RMGDRI_picnic_2010/HTML/_dsc5908.htm
other	/Photos/2010 Picnic/RMGDRI_picnic_2010/HTML/_dsc5924.htm
other	/Photos/2010 Picnic/RMGDRI_picnic_2010/HTML/_dsc5928-2.htm
other	/Photos/2010 Picnic/RMGDRI_picnic_2010/HTML/_dsc5928.htm
other	/Photos/2010 Picnic/RMGDRI_picnic_2010/HTML/_dsc5931.htm
other	/Photos/2010 Picnic/RMGDRI_picnic_2010/HTML/_dsc5936.htm
other	/Photos/2010 Picnic/RMGDRI_picnic_2010/HTML/_dsc5941.htm
other	/Photos/2010 Picnic/RMGDRI_picnic_2010/HTML/_dsc5946.htm
other	/Photos/2010 Picnic/RMGDRI_picnic_2010/HTML/_dsc5951.htm
other	/Photos/2010 Picnic/RMGDRI_picnic_2010/HTML/_dsc5960-2.htm
other	/Photos/2010 Picnic/RMGDRI_picnic_2010/HTML/_dsc5962.htm
other	/Photos/2010 Picnic/RMGDRI_picnic_2010/HTML/_dsc5972.htm
other	/Photos/2010 Picnic/RMGDRI_picnic_2010/HTML/_dsc5974.htm
other	/Photos/2010 Picnic/RMGDRI_picnic_2010/HTML/_dsc5975.htm
other	/Photos/2010 Picnic/RMGDRI_picnic_2010/HTML/_dsc5979.htm
other	/Photos/2010 Picnic/RMGDRI_picnic_2010/HTML/index.htm
other	/Photos/2010 Picnic/RMGDRI_picnic_2010/HTML/l1060664.htm
other	/Photos/2010 Picnic/RMGDRI_picnic_2010/HTML/l1060666.htm
other	/Photos/2010 Picnic/RMGDRI_picnic_2010/HTML/l1060667.htm
other	/Photos/2010 Picnic/RMGDRI_picnic_2010/HTML/l1060670.htm
other	/Photos/2010 Picnic/RMGDRI_picnic_2010/HTML/l1060673.htm
other	/Photos/2010 Picnic/RMGDRI_picnic_2010/HTML/l1060677.htm
other	/Photos/2010 Picnic/RMGDRI_picnic_2010/HTML/l1060678.htm
other	/Photos/2010 Picnic/RMGDRI_picnic_2010/HTML/l1060680.htm
other	/Photos/2010 Picnic/RMGDRI_picnic_2010/HTML/l1060681.htm
other	/Photos/2010 Picnic/RMGDRI_picnic_2010/HTML/l1060682.htm
other	/Photos/2010 Picnic/RMGDRI_picnic_2010/HTML/l1060683.htm
other	/Photos/2010 Picnic/RMGDRI_picnic_2010/HTML/vir_0192.htm
other	/Photos/2010 Picnic/RMGDRI_picnic_2010/HTML/vir_0193.htm
other	/Photos/2010 Picnic/RMGDRI_picnic_2010/HTML/vir_0194.htm
other	/Photos/2010 Picnic/RMGDRI_picnic_2010/HTML/vir_0195.htm
other	/Photos/2010 Picnic/RMGDRI_picnic_2010/HTML/vir_0197.htm
other	/Photos/2010 Picnic/RMGDRI_picnic_2010/HTML/vir_0198.htm
other	/Photos/2010 Picnic/RMGDRI_picnic_2010/HTML/vir_0199.htm
other	/Photos/2010 Picnic/RMGDRI_picnic_2010/HTML/vir_0200.htm
other	/Photos/2010 Picnic/RMGDRI_picnic_2010/HTML/vir_0201.htm
other	/Photos/2010 Picnic/RMGDRI_picnic_2010/HTML/vir_0202.htm
other	/Photos/2010 Picnic/RMGDRI_picnic_2010/HTML/vir_0203.htm
other	/Photos/2010 Picnic/RMGDRI_picnic_2010/HTML/vir_0205.htm
other	/Photos/2010 Picnic/RMGDRI_picnic_2010/HTML/vir_0206.htm
other	/Photos/2010 Picnic/RMGDRI_picnic_2010/HTML/vir_0207.htm
other	/Photos/2010 Picnic/RMGDRI_picnic_2010/HTML/vir_0208.htm
other	/Photos/2010 Picnic/RMGDRI_picnic_2010/HTML/vir_0209.htm
other	/Photos/2010 Picnic/RMGDRI_picnic_2010/HTML/vir_0210.htm
other	/Photos/2010 Picnic/RMGDRI_picnic_2010/HTML/vir_0214.htm
other	/Photos/2010 Picnic/RMGDRI_picnic_2010/HTML/vir_0220.htm
other	/Photos/2010 Picnic/RMGDRI_picnic_2010/HTML/vir_0221.htm
other	/Photos/2010 Picnic/RMGDRI_picnic_2010/HTML/vir_0223.htm
other	/Photos/2010 Picnic/RMGDRI_picnic_2010/HTML/vir_0224.htm
other	/Photos/2010 Picnic/RMGDRI_picnic_2010/HTML/vir_0225.htm
other	/Photos/2010 Picnic/RMGDRI_picnic_2010/HTML/vir_0227.htm
other	/Photos/2010 Picnic/RMGDRI_picnic_2010/HTML/vir_0228.htm
other	/Photos/2010 Picnic/RMGDRI_picnic_2010/HTML/vir_0230.htm
other	/Photos/2010 Picnic/RMGDRI_picnic_2010/HTML/vir_0231.htm
other	/Photos/2010 Picnic/RMGDRI_picnic_2010/HTML/vir_0236.htm
other	/Photos/2010 Picnic/RMGDRI_picnic_2010/HTML/vir_0237.htm
other	/Photos/2010 Picnic/RMGDRI_picnic_2010/HTML/vir_0238.htm
other	/Photos/2010 Picnic/RMGDRI_picnic_2010/HTML/vir_0239.htm
other	/Photos/2010 Picnic/RMGDRI_picnic_2010/HTML/vir_0240.htm
other	/Photos/2010 Picnic/RMGDRI_picnic_2010/HTML/vir_0241.htm
other	/Photos/2010 Picnic/RMGDRI_picnic_2010/HTML/vir_0242.htm
other	/Photos/2010 Picnic/RMGDRI_picnic_2010/HTML/vir_0244.htm
other	/Photos/2010 Picnic/RMGDRI_picnic_2010/HTML/vir_0245.htm
other	/Photos/2010 Picnic/RMGDRI_picnic_2010/HTML/vir_0247.htm
other	/Photos/2010 Picnic/RMGDRI_picnic_2010/HTML/vir_0248.htm
other	/Photos/2010 Picnic/RMGDRI_picnic_2010/HTML/vir_0249.htm
other	/Photos/2010 Picnic/RMGDRI_picnic_2010/HTML/vir_0250.htm
other	/Photos/2010 Picnic/RMGDRI_picnic_2010/HTML/vir_0251.htm
other	/Photos/2010 Picnic/RMGDRI_picnic_2010/HTML/vir_0252.htm
other	/Photos/2010 Picnic/RMGDRI_picnic_2010/HTML/vir_0253.htm
other	/Photos/2010 Picnic/RMGDRI_picnic_2010/HTML/vir_0255.htm
other	/Photos/2010 Picnic/RMGDRI_picnic_2010/HTML/vir_0256.htm
other	/Photos/2010 Picnic/RMGDRI_picnic_2010/HTML/vir_0257.htm
other	/Photos/2010 Picnic/RMGDRI_picnic_2010/HTML/vir_0258.htm
other	/Photos/2010 Picnic/RMGDRI_picnic_2010/HTML/vir_0259.htm
other	/Photos/2010 Picnic/RMGDRI_picnic_2010/HTML/vir_0260.htm
other	/Photos/2010 Picnic/RMGDRI_picnic_2010/HTML/vir_0269.htm
other	/Photos/2010 Picnic/RMGDRI_picnic_2010/HTML/vir_0272.htm
other	/Photos/2010 Picnic/RMGDRI_picnic_2010/HTML/vir_0276.htm
other	/Photos/2010 Picnic/RMGDRI_picnic_2010/HTML/vir_0278.htm
other	/Photos/2010 Picnic/RMGDRI_picnic_2010/HTML/vir_0279.htm
other	/Photos/2010 Picnic/RMGDRI_picnic_2010/HTML/vir_0280.htm
other	/Photos/2010 Picnic/RMGDRI_picnic_2010/HTML/vir_0283.htm
other	/Photos/2010 Picnic/RMGDRI_picnic_2010/HTML/vir_0285.htm
other	/Photos/2010 Picnic/RMGDRI_picnic_2010/HTML/vir_0287.htm
other	/Photos/2010 Picnic/RMGDRI_picnic_2010/HTML/vir_0289.htm
other	/Photos/2010 Picnic/RMGDRI_picnic_2010/HTML/vir_0291.htm
other	/Photos/2010 Picnic/RMGDRI_picnic_2010/HTML/vir_0293.htm
other	/Photos/2010 Picnic/RMGDRI_picnic_2010/HTML/vir_0298.htm
other	/Photos/2010 Picnic/RMGDRI_picnic_2010/HTML/vir_0302.htm
other	/Photos/2010 Picnic/RMGDRI_picnic_2010/HTML/vir_0309.htm
other	/Photos/2010 Picnic/RMGDRI_picnic_2010/HTML/vir_0311.htm
other	/Photos/2010 Picnic/RMGDRI_picnic_2010/HTML/vir_0318.htm
other	/Photos/2010 Picnic/RMGDRI_picnic_2010/HTML/vir_0324.htm
other	/Photos/2010 Picnic/RMGDRI_picnic_2010/HTML/vir_0327.htm
other	/Photos/2010 Picnic/RMGDRI_picnic_2010/HTML/vir_0329.htm
other	/Photos/2010 Picnic/RMGDRI_picnic_2010/HTML/vir_0330.htm
other	/Photos/2010 Picnic/RMGDRI_picnic_2010/HTML/vir_0341.htm
other	/events/calendar/html/text/css
other	/temp/hailey pups/5 weeks/html/index.htm
other	/temp/hailey pups/5 weeks/html/ob4h5348.htm
other	/temp/hailey pups/5 weeks/html/ob4h5349.htm
other	/temp/hailey pups/5 weeks/html/ob4h5350.htm
other	/temp/hailey pups/5 weeks/html/ob4h5351.htm
other	/temp/hailey pups/5 weeks/html/ob4h5353.htm
other	/temp/hailey pups/5 weeks/html/ob4h5354.htm
other	/temp/hailey pups/5 weeks/html/ob4h5355.htm
other	/temp/hailey pups/5 weeks/html/ob4h5356.htm
other	/temp/hailey pups/5 weeks/html/ob4h5357.htm
other	/temp/hailey pups/5 weeks/html/ob4h5358.htm
other	/temp/hailey pups/5 weeks/html/ob4h5359.htm
other	/temp/hailey pups/5 weeks/html/ob4h5361.htm
other	/temp/hailey pups/5 weeks/html/ob4h5362.htm
other	/temp/hailey pups/5 weeks/html/ob4h5363.htm
other	/temp/hailey pups/5 weeks/html/ob4h5364.htm
other	/temp/hailey pups/5 weeks/html/ob4h5365.htm
other	/temp/hailey pups/5 weeks/html/ob4h5366.htm
other	/temp/hailey pups/5 weeks/html/ob4h5367.htm
other	/temp/hailey pups/5 weeks/html/ob4h5368.htm
other	/temp/hailey pups/5 weeks/html/ob4h5369.htm
other	/temp/hailey pups/5 weeks/html/ob4h5370.htm
other	/temp/hailey pups/5 weeks/html/ob4h5371.htm
other	/temp/hailey pups/5 weeks/html/ob4h5372.htm
other	/temp/hailey pups/5 weeks/html/ob4h5373.htm
other	/temp/hailey pups/5 weeks/html/ob4h5374.htm
other	/temp/hailey pups/5 weeks/html/ob4h5375.htm
other	/temp/hailey pups/5 weeks/html/ob4h5377.htm
other	/temp/hailey pups/5 weeks/html/ob4h5378.htm
other	/temp/hailey pups/5 weeks/html/ob4h5379.htm
other	/temp/hailey pups/5 weeks/html/ob4h5382.htm
other	/temp/hailey pups/5 weeks/html/ob4h5383.htm
other	/temp/hailey pups/5 weeks/html/ob4h5384.htm
other	/temp/hailey pups/5 weeks/html/ob4h5385.htm
other	/temp/hailey pups/5 weeks/html/ob4h5387.htm
other	/temp/hailey pups/5 weeks/html/ob4h5388.htm
other	/temp/hailey pups/5 weeks/html/ob4h5389.htm
other	/temp/hailey pups/5 weeks/html/ob4h5390.htm
other	/temp/hailey pups/5 weeks/html/ob4h5391.htm
other	/temp/hailey pups/5 weeks/html/ob4h5392.htm
other	/temp/hailey pups/5 weeks/html/ob4h5393.htm
other	/temp/hailey pups/5 weeks/html/ob4h5394.htm
other	/temp/hailey pups/5 weeks/html/ob4h5395.htm
other	/temp/hailey pups/5 weeks/html/ob4h5397.htm
other	/temp/hailey pups/5 weeks/html/ob4h5399.htm
other	/temp/hailey pups/5 weeks/html/ob4h5401.htm
other	/temp/hailey pups/5 weeks/html/ob4h5402.htm
other	/temp/hailey pups/5 weeks/html/ob4h5403.htm
other	/temp/hailey pups/5 weeks/html/ob4h5404.htm
other	/temp/hailey pups/5 weeks/html/ob4h5405.htm
other	/temp/hailey pups/5 weeks/html/ob4h5406.htm
other	/temp/hailey pups/5 weeks/html/ob4h5407.htm
other	/temp/hailey pups/5 weeks/html/ob4h5409.htm
other	/temp/hailey pups/5 weeks/html/ob4h5412.htm
other	/temp/hailey pups/5 weeks/html/ob4h5413.htm
other	/temp/hailey pups/week 4/html/index.htm
other	/temp/hailey pups/week 4/html/ob4h4695.htm
other	/temp/hailey pups/week 4/html/ob4h4696.htm
other	/temp/hailey pups/week 4/html/ob4h4697.htm
other	/temp/hailey pups/week 4/html/ob4h4698.htm
other	/temp/hailey pups/week 4/html/ob4h4699.htm
other	/temp/hailey pups/week 4/html/ob4h4700.htm
other	/temp/hailey pups/week 4/html/ob4h4701.htm
other	/temp/hailey pups/week 4/html/ob4h4702.htm
other	/temp/hailey pups/week 4/html/ob4h4703.htm
other	/temp/hailey pups/week 4/html/ob4h4704.htm
other	/temp/hailey pups/week 4/html/ob4h4705.htm
other	/temp/hailey pups/week 4/html/ob4h4706.htm
other	/temp/hailey pups/week 4/html/ob4h4707.htm
other	/temp/hailey pups/week 4/html/ob4h4708.htm
other	/temp/hailey pups/week 4/html/ob4h4709.htm
other	/temp/hailey pups/week 4/html/ob4h4710.htm
other	/temp/hailey pups/week 4/html/ob4h4711.htm
other	/temp/hailey pups/week 4/html/ob4h4712.htm
other	/temp/hailey pups/week 4/html/ob4h4713.htm
other	/temp/hailey pups/week 4/html/ob4h4714.htm
other	/temp/hailey pups/week 4/html/ob4h4715.htm
other	/temp/hailey pups/week 4/html/ob4h4716.htm
other	/temp/hailey pups/week 4/html/ob4h4717.htm
other	/temp/hailey pups/week 4/html/ob4h4718.htm
other	/temp/hailey pups/week 4/html/ob4h4719.htm
other	/temp/hailey pups/week 4/html/ob4h4720.htm
other	/temp/hailey pups/week 4/html/ob4h4721.htm
other	/temp/hailey pups/week 4/html/ob4h4722.htm
other	/temp/hailey pups/week 4/html/ob4h4723.htm
other	/temp/hailey pups/week 4/html/ob4h4724.htm
other	/temp/hailey pups/week 4/html/ob4h4725.htm
other	/temp/hailey pups/week 4/html/ob4h4726.htm
other	/temp/hailey pups/week 4/html/ob4h4727.htm
other	/temp/hailey pups/week 4/html/ob4h4728.htm
other	/temp/hailey pups/week 4/html/ob4h4729.htm
other	/temp/hailey pups/week 4/html/ob4h4730.htm
other	/temp/hailey pups/week 4/html/ob4h4731.htm
other	/temp/hailey pups/week 4/html/ob4h4732.htm
other	/temp/hailey pups/week 4/html/ob4h4733.htm
other	/temp/hailey pups/week 4/html/ob4h4734.htm
other	/temp/hailey pups/week 4/html/ob4h4735.htm
other	/temp/hailey pups/week 4/html/ob4h4736.htm
other	/temp/hailey pups/week 4/html/ob4h4737.htm
other	/temp/hailey pups/week 4/html/ob4h4738.htm
other	/temp/hailey pups/week 4/html/ob4h4739.htm
other	/temp/hailey pups/week 4/html/ob4h4740.htm
other	/temp/hailey pups/week 4/html/ob4h4741.htm
other	/temp/hailey pups/week 4/html/ob4h4742.htm
other	/temp/hailey pups/week 4/html/ob4h4743.htm
other	/temp/hailey pups/week 4/html/ob4h4744.htm
other	/temp/hailey pups/week 4/html/ob4h4745.htm
other	/temp/hailey pups/week 4/html/ob4h4746.htm
other	/temp/hailey pups/week 4/html/ob4h4747.htm
other	/temp/hailey pups/week 4/html/ob4h4748.htm
other	/temp/hailey pups/week 4/html/ob4h4749.htm
other	/temp/hailey pups/week 4/html/ob4h4750.htm
other	/temp/hailey pups/week 4/html/ob4h4751.htm
other	/temp/hailey pups/week 4/html/ob4h4752.htm
other	/temp/hailey pups/week 4/html/ob4h4753.htm
other	/temp/hailey pups/week 4/html/ob4h4754.htm
other	/temp/hailey pups/week 4/html/ob4h4755.htm
other	/temp/hailey pups/week 4/html/ob4h4756.htm
other	/temp/hailey pups/week 4/html/ob4h4757.htm
other	/temp/hailey pups/week 4/html/ob4h4758.htm
other	/temp/hailey pups/week 4/html/ob4h4759.htm
other	/temp/hailey pups/week 4/html/ob4h4760.htm
other	/temp/hailey pups/week 4/html/ob4h4761.htm
other	/temp/hailey pups/week 4/html/ob4h4762.htm
other	/temp/hailey pups/week 4/html/ob4h4763.htm
other	/temp/hailey pups/week 4/html/ob4h4764.htm
other	/temp/hailey pups/week 4/html/ob4h4765.htm
other	/temp/hailey pups/week 4/html/ob4h4766.htm
other	/temp/hailey pups/week 4/html/ob4h4767.htm
other	/temp/hailey pups/week 4/html/ob4h4768.htm
other	/temp/hailey pups/week 4/html/ob4h4769.htm
other	/temp/hailey pups/week 4/html/ob4h4770.htm
other	/temp/hailey pups/week 4/html/ob4h4771.htm
other	/temp/hailey pups/week 4/html/ob4h4772.htm
other	/temp/hailey pups/week 4/html/ob4h4773.htm
other	/temp/hailey pups/week 4/html/ob4h4774.htm
other	/temp/hailey pups/week 4/html/ob4h4775.htm
other	/temp/hailey pups/week 4/html/ob4h4776.htm
other	/temp/hailey pups/week 4/html/ob4h4777.htm
other	/temp/hailey pups/week 4/html/ob4h4778.htm
other	/temp/hailey pups/week 4/html/ob4h4779.htm
other	/temp/hailey pups/week 4/html/ob4h4780.htm
other	/temp/hailey pups/week 4/html/ob4h4781.htm
other	/temp/hailey pups/week 4/html/ob4h4782.htm
other	/temp/hailey pups/week 4/html/ob4h4783.htm
other	/temp/hailey pups/week 4/html/ob4h4784.htm
other	/temp/hailey pups/week 4/html/ob4h4785.htm
other	/temp/hailey pups/week 4/html/ob4h4786.htm
other	/temp/hailey pups/week 4/html/ob4h4787.htm
other	/temp/hailey pups/week 4/html/ob4h4788.htm
other	/temp/hailey pups/week 4/html/ob4h4789.htm
other	/temp/hailey pups/week 4/html/ob4h4790.htm
other	/temp/hailey pups/week 4/html/ob4h4791.htm
other	/temp/hailey pups/week 4/html/ob4h4792.htm
other	/temp/hailey pups/week 4/html/ob4h4793.htm
other	/temp/hailey pups/week 4/html/ob4h4794.htm
other	/temp/hailey pups/week 4/html/ob4h4795.htm
other	/temp/hailey pups/week 4/html/ob4h4796.htm
other	/temp/hailey pups/week 4/html/ob4h4797.htm
other	/temp/hailey pups/week 4/html/ob4h4798.htm
other	/temp/hailey pups/week 4/html/ob4h4799.htm
other	/temp/hailey pups/week 4/html/ob4h4800.htm
other	/temp/hailey pups/week 4/html/ob4h4801.htm
other	/temp/hailey pups/week 4/html/ob4h4802.htm
other	/temp/hailey pups/week 4/html/ob4h4803.htm
other	/temp/hailey pups/week 4/html/ob4h4804.htm
other	/temp/hailey pups/week 4/html/ob4h4805.htm
other	/temp/hailey pups/week 4/html/ob4h4806.htm
other	/temp/hailey pups/week 4/html/ob4h4807.htm
other	/temp/hailey pups/week 4/html/ob4h4808.htm
other	/temp/hailey pups/week 4/html/ob4h4809.htm
other	/temp/hailey pups/week 4/html/ob4h4810.htm
other	/temp/hailey pups/week 4/html/ob4h4811.htm
other	/temp/hailey pups/week 4/html/ob4h4812.htm
other	/temp/hailey pups/week 4/html/ob4h4813.htm
other	/temp/hailey pups/week 4/html/ob4h4814.htm
other	/temp/hailey pups/week 4/html/ob4h4815.htm
other	/temp/hailey pups/week 4/html/ob4h4816.htm
other	/temp/hailey pups/week 4/html/ob4h4817.htm
other	/temp/hailey pups/week 4/html/ob4h4818.htm
other	/temp/hailey pups/week 4/html/ob4h4819.htm
other	/temp/hailey pups/week 4/html/ob4h4820.htm
other	/temp/hailey pups/week 4/html/ob4h4821.htm
other	/temp/hailey pups/week 4/html/ob4h4822.htm
other	/temp/hailey pups/week 4/html/ob4h4823.htm
other	/temp/hailey pups/week 4/html/ob4h4824.htm
other	/temp/hailey pups/week 4/html/ob4h4825.htm
other	/temp/hailey pups/week 4/html/ob4h4826.htm
other	/temp/hailey pups/week 4/html/ob4h4827.htm
other	/temp/hailey pups/week 4/html/ob4h4828.htm
other	/temp/hailey pups/week 4/html/ob4h4829.htm
other	/temp/hailey pups/week 4/html/ob4h4830.htm
other	/temp/hailey pups/week 4/html/ob4h4831.htm
other	/temp/hailey pups/week 4/html/ob4h4832.htm
other	/temp/hailey pups/week 4/html/ob4h4833.htm
other	/temp/hailey pups/week 4/html/ob4h4834.htm
other	/temp/hailey pups/week 4/html/ob4h4835.htm
other	/temp/hailey pups/week 4/html/ob4h4836.htm
other	/temp/hailey pups/week 4/html/ob4h4837.htm
other	/temp/hailey pups/week 4/html/ob4h4838.htm
other	/temp/hailey pups/week 4/html/ob4h4839.htm
other	/temp/hailey pups/week 4/html/ob4h4840.htm
other	/temp/hailey pups/week 4/html/ob4h4841.htm
other	/temp/hailey pups/week 4/html/ob4h4842.htm
other	/temp/hailey pups/week 4/html/ob4h4843.htm
other	/temp/hailey pups/week 4/html/ob4h4844.htm
other	/temp/hailey pups/week 4/html/ob4h4845.htm
other	/temp/hailey pups/week 4/html/ob4h4846.htm
other	/temp/hailey pups/week 4/html/ob4h4847.htm
other	/temp/hailey pups/week 4/html/ob4h4848.htm
other	/temp/hailey pups/week 4/html/ob4h4849.htm
other	/temp/hailey pups/week 4/html/ob4h4850.htm
other	/temp/hailey pups/week 4/html/ob4h4851.htm
other	/temp/hailey pups/week 4/html/ob4h4852.htm
other	/temp/hailey pups/week 4/html/ob4h4853.htm
other	/temp/hailey pups/week 4/html/ob4h4854.htm
other	/temp/hailey pups/week 4/html/ob4h4855.htm
other	/temp/hailey pups/week 4/html/ob4h4856.htm
other	/temp/hailey pups/week 4/html/ob4h4857.htm
other	/temp/hailey pups/week 4/html/ob4h4858.htm
other	/temp/hailey pups/week 4/html/ob4h4859.htm
other	/temp/hailey pups/week 4/html/ob4h4860.htm
other	/temp/hailey pups/week 4/html/ob4h4861.htm
other	/temp/hailey pups/week 4/html/ob4h4862.htm
other	/temp/hailey pups/week 4/html/ob4h4863.htm
other	/temp/hailey pups/week 4/html/ob4h4864.htm
other	/temp/hailey pups/week 4/html/ob4h4865.htm
other	/temp/hailey pups/week 4/html/ob4h4866.htm
other	/temp/hailey pups/week 4/html/ob4h4867.htm
other	/temp/hailey pups/week 4/html/ob4h4868.htm
other	/temp/hailey pups/week 4/html/ob4h4869.htm
other	/temp/hailey pups/week 4/html/ob4h4870.htm
other	/temp/hailey pups/week 4/html/ob4h4871.htm
other	/temp/hailey pups/week 4/html/ob4h4872.htm
other	/temp/hailey pups/week 4/html/ob4h4873.htm
other	/temp/hailey pups/week 4/html/ob4h4874.htm
other	/temp/hailey pups/week 4/html/ob4h4875.htm
other	/temp/hailey pups/week 4/html/ob4h4876.htm
other	/temp/hailey pups/week 4/html/ob4h4877.htm
other	/temp/hailey pups/week 4/html/ob4h4878.htm
other	/temp/hailey pups/week 4/html/ob4h4879.htm
other	/temp/hailey pups/week 4/html/ob4h4880.htm
other	/temp/hailey pups/week 4/html/ob4h4881.htm
other	/temp/hailey pups/week 4/html/ob4h4882.htm
other	/temp/hailey pups/week 4/html/ob4h4883.htm
other	/temp/hailey pups/week 4/html/ob4h4884.htm
other	/temp/hailey pups/week 4/html/ob4h4885.htm
other	/temp/hailey pups/week 4/html/ob4h4886.htm
other	/temp/hailey pups/week 4/html/ob4h4887.htm
other	/temp/hailey pups/week 4/html/ob4h4888.htm
other	/temp/hailey pups/week 4/html/ob4h4889.htm
other	/temp/hailey pups/week 4/html/ob4h4890.htm
other	/temp/hailey pups/week 4/html/ob4h4891.htm
other	/temp/hailey pups/week 4/html/ob4h4892.htm
other	/temp/hailey pups/week 4/html/ob4h4893.htm
other	/temp/hailey pups/week 4/html/ob4h4894.htm
other	/temp/hailey pups/week 4/html/ob4h4895.htm
other	/temp/hailey pups/week 4/html/ob4h4896.htm
other	/temp/hailey pups/week 4/html/ob4h4897.htm
other	/temp/hailey pups/week 4/html/ob4h4898.htm
other	/temp/hailey pups/week 4/html/ob4h4899.htm
other	/temp/hailey pups/week 4/html/ob4h4900.htm
other	/temp/hailey pups/week 4/html/ob4h4901.htm
other	/temp/hailey pups/week 4/html/ob4h4902.htm
other	/temp/hailey pups/week 4/html/ob4h4903.htm
other	/temp/hailey pups/week 4/html/ob4h4904.htm
other	/temp/hailey pups/week 4/html/ob4h4905.htm
other	/temp/hailey pups/week 4/html/ob4h4906.htm
other	/temp/hailey pups/week 4/html/ob4h4907.htm
other	/temp/hailey pups/week 4/html/ob4h4908.htm
other	/temp/hailey pups/week 4/html/ob4h4909.htm
other	/temp/hailey pups/week 4/html/ob4h4910.htm
other	/temp/hailey pups/week 4/html/ob4h4911.htm
other	/temp/hailey pups/week 4/html/ob4h4912.htm
other	/temp/hailey pups/week 4/html/ob4h4913.htm
other	/temp/hailey pups/week 4/html/ob4h4914.htm
other	/temp/hailey pups/week 4/html/ob4h4915.htm
other	/temp/hailey pups/week 4/html/ob4h4916.htm
other	/temp/hailey pups/week 4/html/ob4h4917.htm
other	/temp/hailey pups/week 4/html/ob4h4918.htm
other	/temp/hailey pups/week 4/html/ob4h4919.htm
other	/temp/hailey pups/week 4/html/ob4h4920.htm
other	/temp/hailey pups/week 4/html/ob4h4921.htm
other	/temp/hailey pups/week 4/html/ob4h4922.htm
other	/temp/hailey pups/week 4/html/ob4h4923.htm
other	/temp/hailey pups/week 4/html/ob4h4924.htm
other	/temp/hailey pups/week 4/html/ob4h4925.htm
other	/temp/hailey pups/week 4/html/ob4h4926.htm
other	/temp/hailey pups/week 4/html/ob4h4927.htm
other	/temp/hailey pups/week 4/html/ob4h4928.htm
other	/temp/hailey pups/week 4/html/ob4h4929.htm
other	/temp/hailey pups/week 4/html/ob4h4930.htm
other	/temp/hailey pups/week 4/html/ob4h4931.htm
other	/temp/hailey pups/week 4/html/ob4h4932.htm
other	/temp/hailey pups/week 4/html/ob4h4933.htm
other	/temp/hailey pups/week 4/html/ob4h4934.htm
other	/temp/hailey pups/week 4/html/ob4h4935.htm
other	/temp/hailey pups/week 4/html/ob4h4936.htm
other	/temp/hailey pups/week 4/html/ob4h4937.htm
other	/temp/hailey pups/week 4/html/ob4h4938.htm
other	/temp/hailey pups/week 4/html/ob4h4939.htm
other	/temp/hailey pups/week 4/html/ob4h4940.htm
other	/temp/hailey pups/week 4/html/ob4h4941.htm
other	/temp/hailey pups/week 4/html/ob4h4942.htm
other	/temp/hailey pups/week 4/html/ob4h4943.htm
other	/temp/hailey pups/week 4/html/ob4h4944.htm
other	/temp/hailey pups/week 4/html/ob4h4945.htm
other	/temp/hailey pups/week 4/html/ob4h4946.htm
other	/temp/hailey pups/week 4/html/ob4h4947.htm
other	/temp/hailey pups/week 4/html/ob4h4948.htm
other	/temp/hailey pups/week 4/html/ob4h4949.htm
other	/temp/hailey pups/week 4/html/ob4h4950.htm
other	/temp/hailey pups/week 4/html/ob4h4951.htm
other	/temp/hailey pups/week 4/html/ob4h4952.htm
other	/temp/hailey pups/week 4/html/ob4h4953.htm
other	/temp/hailey pups/week 4/html/ob4h4954.htm
other	/temp/hailey pups/week 4/html/ob4h4955.htm
other	/temp/hailey pups/week 4/html/ob4h4956.htm
other	/temp/hailey pups/week 4/html/ob4h4957.htm
other	/temp/hailey pups/week 4/html/ob4h4958.htm
other	/temp/hailey pups/week 4/html/ob4h4959.htm
other	/temp/hailey pups/week 4/html/ob4h4960.htm
other	/temp/hailey pups/week 4/html/ob4h4961.htm
other	/temp/hailey pups/week 4/html/ob4h4962.htm
other	/temp/hailey pups/week 4/html/ob4h4963.htm
other	/temp/hailey pups/week 4/html/ob4h4964.htm
other	/temp/hailey pups/week 4/html/ob4h4965.htm
other	/temp/hailey pups/week 4/html/ob4h4966.htm
other	/temp/hailey pups/week 4/html/ob4h4967.htm
other	/temp/hailey pups/week 4/html/ob4h4968.htm
other	/Photos/2010 http://www.kodakgallery.com/gallery/sharing/shareRedirectSwitchBoard.jsp
