group	path
plain_lowercase_slug	/abby
plain_lowercase_slug	/ace
plain_lowercase_slug	/ada
plain_lowercase_slug	/adoption-information-2
plain_lowercase_slug	/ajax
plain_lowercase_slug	/angel
plain_lowercase_slug	/angus
plain_lowercase_slug	/annabelle
plain_lowercase_slug	/antero
plain_lowercase_slug	/aoife
plain_lowercase_slug	/apollo
plain_lowercase_slug	/apollo-dane-foster-needed
plain_lowercase_slug	/app-thank-you
plain_lowercase_slug	/aries
plain_lowercase_slug	/arlo
plain_lowercase_slug	/asa
plain_lowercase_slug	/asher
plain_lowercase_slug	/ashley
plain_lowercase_slug	/astro
plain_lowercase_slug	/athena
plain_lowercase_slug	/athena-baby
plain_lowercase_slug	/athena-harl
plain_lowercase_slug	/atlas
plain_lowercase_slug	/auggie
plain_lowercase_slug	/ava
plain_lowercase_slug	/available-great-danes
plain_lowercase_slug	/available-great-danes-2
plain_lowercase_slug	/axel
plain_lowercase_slug	/babe
plain_lowercase_slug	/bailey
plain_lowercase_slug	/baloo
plain_lowercase_slug	/barnabus
plain_lowercase_slug	/beau
plain_lowercase_slug	/bee
plain_lowercase_slug	/bela
plain_lowercase_slug	/bella
plain_lowercase_slug	/belle
plain_lowercase_slug	/benefit-wines
plain_lowercase_slug	/benson-foster-needed
plain_lowercase_slug	/bentley
plain_lowercase_slug	/bently
plain_lowercase_slug	/bigmac
plain_lowercase_slug	/binky
plain_lowercase_slug	/blu
plain_lowercase_slug	/blue
plain_lowercase_slug	/blue-harlequin
plain_lowercase_slug	/bo
plain_lowercase_slug	/bodhi
plain_lowercase_slug	/bolt
plain_lowercase_slug	/bones
plain_lowercase_slug	/bonnie
plain_lowercase_slug	/boomer
plain_lowercase_slug	/brady
plain_lowercase_slug	/brandi
plain_lowercase_slug	/bristol
plain_lowercase_slug	/brodey
plain_lowercase_slug	/brooklyn
plain_lowercase_slug	/bruce
plain_lowercase_slug	/bruno
plain_lowercase_slug	/bruno-mantle
plain_lowercase_slug	/brutus
plain_lowercase_slug	/bubas
plain_lowercase_slug	/buck
plain_lowercase_slug	/buddy
plain_lowercase_slug	/bullwinkle
plain_lowercase_slug	/bunker
plain_lowercase_slug	/butter-braids
plain_lowercase_slug	/butter-braids-denver
plain_lowercase_slug	/butter-braids-utah
plain_lowercase_slug	/cabo
plain_lowercase_slug	/calcifer
plain_lowercase_slug	/cambria
plain_lowercase_slug	/cara
plain_lowercase_slug	/carl
plain_lowercase_slug	/cash
plain_lowercase_slug	/casper
plain_lowercase_slug	/cezar
plain_lowercase_slug	/charlee
plain_lowercase_slug	/charlie
plain_lowercase_slug	/chaz
plain_lowercase_slug	/chester
plain_lowercase_slug	/chevelle
plain_lowercase_slug	/chevy
plain_lowercase_slug	/chimayo
plain_lowercase_slug	/claire
plain_lowercase_slug	/cleo
plain_lowercase_slug	/clyde
plain_lowercase_slug	/coco
plain_lowercase_slug	/coffee-bean
plain_lowercase_slug	/contact-us
plain_lowercase_slug	/cooper
plain_lowercase_slug	/covid-19-operational-information
plain_lowercase_slug	/cowboy
plain_lowercase_slug	/crockette
plain_lowercase_slug	/daisy
plain_lowercase_slug	/daisy-
plain_lowercase_slug	/daisy-harlequin
plain_lowercase_slug	/daisy-may
plain_lowercase_slug	/dakota
plain_lowercase_slug	/dan
plain_lowercase_slug	/dane-related-links
plain_lowercase_slug	/dante
plain_lowercase_slug	/daytona
plain_lowercase_slug	/destination
plain_lowercase_slug	/diego
plain_lowercase_slug	/diesel
plain_lowercase_slug	/donut
plain_lowercase_slug	/dozer
plain_lowercase_slug	/drago
plain_lowercase_slug	/drakeo
plain_lowercase_slug	/duke
plain_lowercase_slug	/duncan
plain_lowercase_slug	/dutch
plain_lowercase_slug	/ebony
plain_lowercase_slug	/echo
plain_lowercase_slug	/ella
plain_lowercase_slug	/elvis
plain_lowercase_slug	/emma
plain_lowercase_slug	/erza
plain_lowercase_slug	/estrella
plain_lowercase_slug	/ev
plain_lowercase_slug	/events-2
plain_lowercase_slug	/feya
plain_lowercase_slug	/fiona
plain_lowercase_slug	/flo
plain_lowercase_slug	/flower-power
plain_lowercase_slug	/flowerpower
plain_lowercase_slug	/foster-information
plain_lowercase_slug	/francine
plain_lowercase_slug	/freya
plain_lowercase_slug	/fundraising
plain_lowercase_slug	/gabby
plain_lowercase_slug	/george
plain_lowercase_slug	/gigi
plain_lowercase_slug	/gorn
plain_lowercase_slug	/grace
plain_lowercase_slug	/great-dane-health-resources
plain_lowercase_slug	/great-dane-rescues
plain_lowercase_slug	/groot
plain_lowercase_slug	/gumby
plain_lowercase_slug	/gunnar
plain_lowercase_slug	/gus
plain_lowercase_slug	/gypsy-rose
plain_lowercase_slug	/haley
plain_lowercase_slug	/hank
plain_lowercase_slug	/harlem
plain_lowercase_slug	/harley
plain_lowercase_slug	/harley-2
plain_lowercase_slug	/harlow
plain_lowercase_slug	/harper-mantle
plain_lowercase_slug	/harvey
plain_lowercase_slug	/haus
plain_lowercase_slug	/hela
plain_lowercase_slug	/hennessey
plain_lowercase_slug	/hercules
plain_lowercase_slug	/hilary
plain_lowercase_slug	/hobo
plain_lowercase_slug	/holly
plain_lowercase_slug	/horsey
plain_lowercase_slug	/hugo
plain_lowercase_slug	/ichabod
plain_lowercase_slug	/idaho-events
plain_lowercase_slug	/igive
plain_lowercase_slug	/in-memory-of-sarge
plain_lowercase_slug	/in-memory-of-waldo
plain_lowercase_slug	/italics
plain_lowercase_slug	/italics-tally
plain_lowercase_slug	/its-all-about-the-dogs
plain_lowercase_slug	/itsybitsy
plain_lowercase_slug	/izzy
plain_lowercase_slug	/jagger
plain_lowercase_slug	/jax
plain_lowercase_slug	/journey
plain_lowercase_slug	/jumbo
plain_lowercase_slug	/junior
plain_lowercase_slug	/juniper
plain_lowercase_slug	/kahlan
plain_lowercase_slug	/kai
plain_lowercase_slug	/kali
plain_lowercase_slug	/kane
plain_lowercase_slug	/kara
plain_lowercase_slug	/kevin
plain_lowercase_slug	/khaleesi
plain_lowercase_slug	/khan
plain_lowercase_slug	/kilo
plain_lowercase_slug	/king-louie
plain_lowercase_slug	/kingston
plain_lowercase_slug	/kinnick
plain_lowercase_slug	/kiva
plain_lowercase_slug	/kona
plain_lowercase_slug	/korben
plain_lowercase_slug	/kratos
plain_lowercase_slug	/kujo
plain_lowercase_slug	/kumo
plain_lowercase_slug	/kweli
plain_lowercase_slug	/kylo
plain_lowercase_slug	/lachlan
plain_lowercase_slug	/lady
plain_lowercase_slug	/layla
plain_lowercase_slug	/leia
plain_lowercase_slug	/leila
plain_lowercase_slug	/leo
plain_lowercase_slug	/leonidas
plain_lowercase_slug	/life-really-like-great-dane
plain_lowercase_slug	/life-settlements
plain_lowercase_slug	/lilah
plain_lowercase_slug	/lilith
plain_lowercase_slug	/lilo
plain_lowercase_slug	/lily
plain_lowercase_slug	/loki
plain_lowercase_slug	/loki-utah
plain_lowercase_slug	/lola
plain_lowercase_slug	/lola-2
plain_lowercase_slug	/lottie
plain_lowercase_slug	/lucky
plain_lowercase_slug	/lucy
plain_lowercase_slug	/ludlow
plain_lowercase_slug	/luke
plain_lowercase_slug	/lulu
plain_lowercase_slug	/luna
plain_lowercase_slug	/lyric
plain_lowercase_slug	/madisue
plain_lowercase_slug	/mae
plain_lowercase_slug	/magenta
plain_lowercase_slug	/maggie
plain_lowercase_slug	/magnum
plain_lowercase_slug	/maisy
plain_lowercase_slug	/maivis
plain_lowercase_slug	/marley
plain_lowercase_slug	/marlo
plain_lowercase_slug	/mary
plain_lowercase_slug	/maverick
plain_lowercase_slug	/max
plain_lowercase_slug	/max-piebald
plain_lowercase_slug	/maximas
plain_lowercase_slug	/maximus
plain_lowercase_slug	/maxine
plain_lowercase_slug	/meet-ajax
plain_lowercase_slug	/meet-angus
plain_lowercase_slug	/meet-boomer
plain_lowercase_slug	/meet-daisy-may
plain_lowercase_slug	/meet-haus
plain_lowercase_slug	/meet-kinnick
plain_lowercase_slug	/meet-ryder
plain_lowercase_slug	/meet-she-ra
plain_lowercase_slug	/meet-tank-merle-mantle
plain_lowercase_slug	/meet-whimsy
plain_lowercase_slug	/mera
plain_lowercase_slug	/merle
plain_lowercase_slug	/mia
plain_lowercase_slug	/milley
plain_lowercase_slug	/milo
plain_lowercase_slug	/mimi
plain_lowercase_slug	/mimi-litter
plain_lowercase_slug	/misty
plain_lowercase_slug	/molly
plain_lowercase_slug	/moment-daaaaaaawwwwwww
plain_lowercase_slug	/monroe
plain_lowercase_slug	/montana
plain_lowercase_slug	/moon
plain_lowercase_slug	/moose
plain_lowercase_slug	/morty-jamison
plain_lowercase_slug	/myotis
plain_lowercase_slug	/nebraska-events
plain_lowercase_slug	/nebraska-events-2
plain_lowercase_slug	/newsletters
plain_lowercase_slug	/nike
plain_lowercase_slug	/niko
plain_lowercase_slug	/noah
plain_lowercase_slug	/oakley
plain_lowercase_slug	/obi
plain_lowercase_slug	/ocean
plain_lowercase_slug	/odie
plain_lowercase_slug	/odin
plain_lowercase_slug	/olive
plain_lowercase_slug	/oliver
plain_lowercase_slug	/onyx
plain_lowercase_slug	/oreo
plain_lowercase_slug	/owner-surrender-thank-you
plain_lowercase_slug	/oz
plain_lowercase_slug	/paisley
plain_lowercase_slug	/pause
plain_lowercase_slug	/penelope
plain_lowercase_slug	/peralta
plain_lowercase_slug	/persephone
plain_lowercase_slug	/pharaoh
plain_lowercase_slug	/phoenix
plain_lowercase_slug	/piper
plain_lowercase_slug	/poppy-2
plain_lowercase_slug	/pour-it-forward
plain_lowercase_slug	/pride-month
plain_lowercase_slug	/project
plain_lowercase_slug	/pumpkin
plain_lowercase_slug	/ramona
plain_lowercase_slug	/ranger
plain_lowercase_slug	/raven
plain_lowercase_slug	/rehome
plain_lowercase_slug	/remus
plain_lowercase_slug	/rescue-t-shirts
plain_lowercase_slug	/rhea
plain_lowercase_slug	/rhyder-james
plain_lowercase_slug	/ripley
plain_lowercase_slug	/rocko
plain_lowercase_slug	/rocky
plain_lowercase_slug	/rocky-2
plain_lowercase_slug	/roe
plain_lowercase_slug	/roman
plain_lowercase_slug	/romeo
plain_lowercase_slug	/ronan-echo
plain_lowercase_slug	/rooster
plain_lowercase_slug	/roxii
plain_lowercase_slug	/roxii-4
plain_lowercase_slug	/roxxie
plain_lowercase_slug	/roxxy
plain_lowercase_slug	/ruby
plain_lowercase_slug	/rufus
plain_lowercase_slug	/ryder
plain_lowercase_slug	/ryker
plain_lowercase_slug	/ryven
plain_lowercase_slug	/sadie
plain_lowercase_slug	/safe-happy-healthy-new-year
plain_lowercase_slug	/sailor
plain_lowercase_slug	/salem
plain_lowercase_slug	/sam
plain_lowercase_slug	/sammie
plain_lowercase_slug	/sampson
plain_lowercase_slug	/samson
plain_lowercase_slug	/sarah
plain_lowercase_slug	/sarge
plain_lowercase_slug	/scoll
plain_lowercase_slug	/scooby
plain_lowercase_slug	/scout
plain_lowercase_slug	/sergeant
plain_lowercase_slug	/she-ra
plain_lowercase_slug	/sheba
plain_lowercase_slug	/sheila
plain_lowercase_slug	/siere
plain_lowercase_slug	/simba
plain_lowercase_slug	/simon
plain_lowercase_slug	/simon-2
plain_lowercase_slug	/sinai
plain_lowercase_slug	/siren
plain_lowercase_slug	/siryn-ray
plain_lowercase_slug	/siryn-rey
plain_lowercase_slug	/sky
plain_lowercase_slug	/skye
plain_lowercase_slug	/slimjim
plain_lowercase_slug	/snoop
plain_lowercase_slug	/soka
plain_lowercase_slug	/sparky
plain_lowercase_slug	/sponsor-abby
plain_lowercase_slug	/sponsor-beau
plain_lowercase_slug	/sponsor-belle
plain_lowercase_slug	/sponsor-diego
plain_lowercase_slug	/sponsor-duke
plain_lowercase_slug	/sponsor-gary
plain_lowercase_slug	/sponsor-guinness
plain_lowercase_slug	/sponsor-harlow
plain_lowercase_slug	/sponsor-harvey
plain_lowercase_slug	/sponsor-odin
plain_lowercase_slug	/sponsor-olive
plain_lowercase_slug	/sponsor-romeo
plain_lowercase_slug	/sponsor-rosie
plain_lowercase_slug	/sponsor-sampson
plain_lowercase_slug	/sponsor-simon
plain_lowercase_slug	/sponsor-tiny
plain_lowercase_slug	/sponsor-tiny-2
plain_lowercase_slug	/sponsor-whiskey
plain_lowercase_slug	/star
plain_lowercase_slug	/stefani
plain_lowercase_slug	/stella
plain_lowercase_slug	/stetson
plain_lowercase_slug	/stitch
plain_lowercase_slug	/store
plain_lowercase_slug	/stryder
plain_lowercase_slug	/sullivan
plain_lowercase_slug	/sully
plain_lowercase_slug	/summer-safety-tips-for-dog-owners
plain_lowercase_slug	/sunny
plain_lowercase_slug	/sven
plain_lowercase_slug	/swift
plain_lowercase_slug	/swisher
plain_lowercase_slug	/takoda
plain_lowercase_slug	/tank
plain_lowercase_slug	/tankmerle
plain_lowercase_slug	/taos
plain_lowercase_slug	/taz
plain_lowercase_slug	/teagan
plain_lowercase_slug	/thank-you
plain_lowercase_slug	/thor
plain_lowercase_slug	/tigs
plain_lowercase_slug	/tiny
plain_lowercase_slug	/tiny-tim
plain_lowercase_slug	/tipsy
plain_lowercase_slug	/titan
plain_lowercase_slug	/tobias
plain_lowercase_slug	/toby
plain_lowercase_slug	/toni
plain_lowercase_slug	/tripp
plain_lowercase_slug	/tulip
plain_lowercase_slug	/tux
plain_lowercase_slug	/tyr
plain_lowercase_slug	/tyson
plain_lowercase_slug	/utah-events-2
plain_lowercase_slug	/vail
plain_lowercase_slug	/velma
plain_lowercase_slug	/vic
plain_lowercase_slug	/volunteer-application
plain_lowercase_slug	/wait-dont-change-the-channel-diego
plain_lowercase_slug	/waldo
plain_lowercase_slug	/wally
plain_lowercase_slug	/watson
plain_lowercase_slug	/waunita
plain_lowercase_slug	/waylon
plain_lowercase_slug	/whimsy
plain_lowercase_slug	/whiskey
plain_lowercase_slug	/willie
plain_lowercase_slug	/willow
plain_lowercase_slug	/willy
plain_lowercase_slug	/wilson
plain_lowercase_slug	/winston
plain_lowercase_slug	/winter
plain_lowercase_slug	/wish-list
plain_lowercase_slug	/wooftraxs
plain_lowercase_slug	/wordpress
plain_lowercase_slug	/wyatt
plain_lowercase_slug	/yzma
plain_lowercase_slug	/zelda
plain_lowercase_slug	/zena
plain_lowercase_slug	/zeus
plain_lowercase_slug	/zeva
plain_lowercase_slug	/zhara
plain_lowercase_slug	/zorba
plain_lowercase_slug	/zuek
other	/+nhp+
other	/.well-known/nodeinfo
other	/.well-known/openid-configuration
other	/10-things-might-not-know-great-danes
other	/10001-2
other	/2022-lilo-has-a-home-
other	/2022-snoop-has-a-home-
other	/3927-2
other	/4435-2
other	/5355-2
other	/6516-2
other	/==========================================================REASON
other	/admin-ajax.php
other	/adoptable_grea/RMGDRI Adoption Application.doc
other	/btAppFee.swf
other	/btApplication.swf
other	/btBusinessPartner.swf
other	/btContactUs.swf
other	/btDonate.swf
other	/btEmail.swf
other	/btEventBlog.swf
other	/btFAQ.swf
other	/btFosterCosts.swf
other	/btFostering.swf
other	/btGuidelines.swf
other	/btHome.swf
other	/btRequirements.swf
other	/btShopping.swf
other	/btSponsorADane.swf
other	/btTurnIn.swf
other	/butter_braids
other	/button 3.swf
other	/button10.swf
other	/button11.swf
other	/button19.swf
other	/button2.swf
other	/button21.swf
other	/button3.swf
other	/button4.swf
other	/button5.swf
other	/button6.swf
other	/button8.swf
other	/button9.swf
other	/category-sitemap.xml
other	/coloardo_events
other	/colorado_events
other	/duke_crossed_rainbow_bridge
other	/flower_power
other	/food/banners
other	/food/banners/information.php
other	/galleries/eoscommon
other	/geocities.com/gdcgkc
other	/get_involved
other	/medical cases/Duncan/Duncan.html_
other	/medical%
other	/meet_our_board
other	/our_mission
other	/our_organization
other	/piwik.php
other	/post_tag-sitemap.xml
other	/project/cowboy
other	/project/duke
other	/project/king-louie
other	/project_category/2014success
other	/project_category/availabledanes
other	/rmgreatdane.org
other	/rmstore/shoppingcart
other	/rmstore/shoppingcart/account.php
other	/rmstore/shoppingcart/brands
other	/rmstore/shoppingcart/brands.php
other	/rmstore/shoppingcart/cart.php
other	/rmstore/shoppingcart/categories.php
other	/rmstore/shoppingcart/categories/Butter-Braids
other	/rmstore/shoppingcart/categories/Calendars
other	/rmstore/shoppingcart/categories/Donations
other	/rmstore/shoppingcart/categories/Fees
other	/rmstore/shoppingcart/categories/Fundraisers
other	/rmstore/shoppingcart/categories/Rescue-Items
other	/rmstore/shoppingcart/categories/Sponsor-A-Dane
other	/rmstore/shoppingcart/checkout.php
other	/rmstore/shoppingcart/compare
other	/rmstore/shoppingcart/compare.php
other	/rmstore/shoppingcart/finishorder.php
other	/rmstore/shoppingcart/index.php
other	/rmstore/shoppingcart/login.php
other	/rmstore/shoppingcart/orderstatus.php
other	/rmstore/shoppingcart/pages.php
other	/rmstore/shoppingcart/productimage.php
other	/rmstore/shoppingcart/products.php
other	/rmstore/shoppingcart/rss.php
other	/rmstore/shoppingcart/search.php
other	/rmstore/shoppingcart/sitemap
other	/rmstore/shoppingcart/sitemap.php
other	/rmstore/shoppingcart/subscribe.php
other	/rmstore/shoppingcart/wishlist.php
other	/statistics.asp
other	/store/ 
other	/store/2.5
other	/store/text/css
other	/temp/hailey pups/5 weeks/html
other	/temp/hailey pups/html
other	/temp/hailey pups/week 4/html
other	/wd97vwr32.exe
other	/wordpress/about
other	/wordpress/about-great-danes
other	/wordpress/adopt
other	/wordpress/adoption-application
other	/wordpress/adoption-information
other	/wordpress/available-danes-gallery
other	/wordpress/bella
other	/wordpress/cart
other	/wordpress/chaz
other	/wordpress/contact-us
other	/wordpress/dane-related-links
other	/wordpress/donate
other	/wordpress/duke
other	/wordpress/events
other	/wordpress/foster-application
other	/wordpress/foster-information
other	/wordpress/get_involved
other	/wordpress/great-dane-health-resources
other	/wordpress/hank
other	/wordpress/itsybitsy
other	/wordpress/king-louie
other	/wordpress/meet_our_board
other	/wordpress/my-account/lost-password
other	/wordpress/our_mission
other	/wordpress/our_organization
other	/wordpress/rocky-2
other	/wordpress/sponsor-a-dane
other	/wordpress/surrender
other	/wordpress/tank
other	/wordpress/volunteer
other	/wordpress/volunteer-application
other	/wordpress/wish-list
other	/wordpress/wp-admin
other	/wordpress/wp-admin/admin-ajax.php
other	/wordpress/wp-admin/customize.php
other	/wordpress/wp-admin/post.php
other	/wordpress/wp-admin/theme-editor.php
other	/wordpress/wp-admin/themes.php
other	/wordpress/wp-content/plugins/usquare
other	/wordpress/wp-login.php
other	/wordpress/xmlrpc.php
other	/www.BestDiscountPetSupplies.com
other	/www.bearvalleyvet.com
other	/www.wrah.com
other	/🎬-when-hollywood-meets-real-life-what-the-friend-doesnt-show-you-about-great-danes
dog_color_variant	/apollo-fawn
dog_color_variant	/apollo-merle
dog_color_variant	/axel-black
dog_color_variant	/bruno-fawn
dog_color_variant	/dante-black
dog_color_variant	/dante-merle
dog_color_variant	/duke-black
dog_color_variant	/duke-fawnequin
dog_color_variant	/harley-brindle
dog_color_variant	/harper-fawnequin
dog_color_variant	/luna-blue
dog_color_variant	/zeus-fawn
old_events_archive	/Events/2008 events/responsible dog.pdf&
old_events_archive	/Events/DaneWalk/html/2.5
old_events_archive	/Events/DaneWalk/html/text/css
old_events_archive	/events/New Baby Classes.doc
old_events_archive	/events/calendar/html/2.5
old_events_archive	/events/calendar/html/text/css
rmgdri_paths	/RMGDRI
rmgdri_paths	/RMGDRI Adoption Application.doc
rmgdri_paths	/RMGDRI Application for Adoption v1-1.doc
rmgdri_paths	/rmgdri
rmgdri_paths	/rmgdri-visa
rmgdri_paths	/rmgdri/index.php
caps_paths	/CHLOE
caps_paths	/Great_Dane_Rescue_links
caps_paths	/Signs of Bloat
caps_paths	/Store
old_successes_archive	/Our_Successes4x_files/editdata.mso
old_successes_archive	/Successes 2009/piwik.php
photos_archive	/Photos/2010 http://www.kodakgallery.com/gallery/sharing/shareRedirectSwitchBoard.jsp
photos_archive	/Photos/Proudofmydane/Makai_11weeks.bmp
old_home_archive	/Home/polarpups_fan_jp60.jpe
missing_pets_archive	/MissingPets
old_sponsor_archive	/Sponsor/Rosco/Rosco.html 
